Time_since_start_s,Point1_x_diff,Point1_y_diff,Point2_x_diff,Point2_y_diff,Point3_x_diff,Point3_y_diff,Point4_x_diff,Point4_y_diff
0.3739999999997963,-0.4632234836186626,14.313788328974567,-0.7101001258307633,14.30045414345966,-0.4632234836186626,14.185413851065277,-1.7101001258307633,14.195596747587217
0.48800000000119326,-0.45950467288321306,14.248386019687416,-0.6602037051264915,14.234928968474776,-0.45950467288321306,14.235359529938876,-1.6602037051264915,14.245636255115414
0.6020000000025902,-0.362219533387929,15.207480160574448,-1.5338710741212935,14.193423115218877,-0.362219533387929,14.26659804315915,-1.5338710741212935,14.27733296492113
0.7200000000011642,-0.4417912750740811,15.170633466612287,-1.587569839622688,14.156957849071773,-0.4417912750740811,14.294736700100373,-1.587569839622688,14.305180337481374
0.8220000000001164,-0.6253119162960274,14.099155086070596,-1.7209512509557499,15.086377417714573,0.37468808370397255,14.34932248277147,-1.7209512509557499,14.359080384708307
0.9120000000002619,-0.7940412113222237,14.07769650873064,-1.87482857227144,15.06581178071167,0.20595878867777628,14.36570972084587,-1.87482857227144,14.37478571243713
1.0140000000028522,-1.025655523094656,14.016030773760633,-1.063318737224563,14.005317632898482,-0.02565552309465602,14.412801895875816,-2.063318737224563,14.42098318334206
1.0900000000001455,-0.8690237597091937,14.00104833039984,-1.895831945117493,14.989452508001477,0.13097624029080635,14.424243514879777,-1.895831945117493,14.433098878369321
1.1920000000027358,-0.05642012217873571,14.972539013587038,-2.0634333743272464,14.961923725400084,-0.05642012217873571,14.446015180100119,-2.0634333743272464,14.454121740567473
1.2880000000004657,-0.8493884788593391,13.909103577432859,-1.811251627128172,14.897253845599607,0.1506115211406609,14.49445882005574,-1.811251627128172,14.503508086164686
1.3940000000002328,-0.8077756250218044,13.881962770462223,-1.7504052532505057,14.869842772628772,0.19222437497819556,14.515185397512994,-1.7504052532505057,14.524441057234071
1.4880000000011933,-0.7402505222650575,13.846711924447106,-1.6578764180718508,13.8341680268706,0.2597494777349425,13.5421053557572,-2.657876418071851,13.55168473432974
1.5720000000001164,-0.7540162973375573,13.796025469367976,-1.635883706866025,14.783477494645354,0.24598370266244274,14.580813001346883,-2.635883706866025,13.590395493507174
1.7900000000008731,-0.2751783455248642,14.706070592159904,-2.092720846772636,14.690781266992587,-0.2751783455248642,14.64950870122533,-2.092720846772636,14.661184676176731
1.9140000000006694,0.4776329439767437,14.678491295926221,-2.320861904070057,14.664503205223866,0.4776329439767437,14.670570139089932,-2.320861904070057,13.681252402359917
2.0380000000004657,0.18032851099059144,14.642826991524544,-1.593501586101297,13.63039743354409,1.1803285109905914,13.697805842451316,-2.593501586101297,13.70729790348389
2.1480000000010477,-0.8352460676471196,13.604864515586371,-2.582303357154615,14.592460432334406,0.16475393235288038,13.726796586862577,-3.582303357154615,13.736269193649377
2.2400000000016007,0.7466607337264008,14.572584839386707,-1.9766159207367764,14.556981432814723,0.7466607337264008,13.75144755651769,-2.9766159207367764,13.763363385522439
2.324000000000524,0.5310858778208853,14.50456468440268,-2.1445384868255815,14.490026748809953,-0.46891412217911466,13.803392401505505,-3.1445384868255815,13.81449456395984
2.4060000000026776,0.3596305016878887,14.498206084252502,-2.3117968024130278,14.484584632635858,1.3596305016878887,13.80824826370133,-3.3117968024130278,13.818650536276323
2.5060000000012224,0.4029317167654085,14.42948289786733,-1.2199080322077407,14.415524534980818,-0.5970682832345915,13.860729991575681,-3.2199080322077407,13.871389552651408
2.6300000000010186,0.3832075067253413,14.387003551910993,-1.2096783963484086,14.373087902847374,-0.6167924932746587,13.893170127023893,-2.2096783963484086,13.903797068901326
2.7220000000015716,0.44947374798800865,14.349527169654777,-1.116844522379779,14.33519925615036,-0.5505262520119913,13.921789657036129,-2.116844522379779,13.932731432251956
2.842000000000553,-0.7347698914288117,14.28456216318358,-1.2555396284465132,14.27112711889373,0.26523010857118834,13.9714013815547,-2.2555396284465132,13.981661300739063
2.9620000000031723,-0.6038956461053431,14.222343445990816,-1.080522401412054,14.20811398768069,-0.6038956461053431,14.018915851650831,-2.080522401412054,14.029782439742974
3.0280000000020664,-0.6289887429408623,14.209242336770046,-1.096409402903305,14.195127933097922,-0.6289887429408623,14.028920755165132,-2.096409402903305,14.039699479662431
3.084000000002561,-0.5887553160481502,14.204089757474321,-1.0524710117637142,14.18975231477981,-0.5887553160481502,14.032855617307973,-2.052471011763714,14.04380466966552
3.202000000001135,-0.4836534444791596,14.143196753530844,-0.9042081982286163,14.128208164316959,-0.4836534444791596,14.079357682047885,-1.9042081982286163,14.090803994445764
3.2920000000012806,-0.49153629563284085,14.105585158692747,-0.8855539570172368,14.090584243595629,-0.49153629563284085,14.108080469640242,-1.8855539570172368,14.119536194926013
3.3919999999998254,-0.6060760680275621,14.058290054068777,-0.9668986795908268,14.04383154169625,-0.6060760680275621,14.14419824795101,-1.9668986795908268,14.155239757399556
3.514000000002852,-0.330147027714645,14.0081406466104,-1.6551119751429724,14.992140156634605,-0.330147027714645,14.182495767226953,-1.6551119751429724,14.194714836291382
3.6340000000018335,-1.0363551552383683,13.974338192085327,-1.3369804809533434,13.956727674329102,-0.0363551552383683,14.208309634615603,-2.3369804809533434,13.221758231067895
3.886000000002241,-0.27349306364283166,14.85456403920466,-1.4899583407562886,13.838047866234604,-0.27349306364283166,14.299777373940685,-2.4899583407562886,13.31239025382797
3.9760000000023865,-1.2069523007075418,13.834891703175686,-1.409423310940383,13.817995852887236,-0.20695230070754178,14.314800515917,-2.409423310940383,14.32770334338585
4.087999999999738,0.02740130831125498,14.799086078690948,-1.149418508642725,13.780901209449326,0.02740130831125498,14.342144140964479,-2.149418508642725,14.356031351513991
4.202000000001135,-0.29724929324351024,14.660402009691722,-1.3766992809979683,13.643743809337991,0.7027507067564898,13.448052786249605,-2.3766992809979683,13.460774127965976
4.324000000000524,0.4474516783479885,14.035520375620138,-2.191323646729529,14.019346623725767,-0.5525483216520115,13.92525516288623,-2.191323646729529,13.937606546608038
4.470000000001164,-0.9939193634930348,12.90583801241138,-1.835989262837188,13.890415286564291,1.0060806365069652,13.787957919975042,-1.835989262837188,13.799735768814287
4.587999999999738,-0.7446579151987294,13.069906418897176,-1.2919738460241206,13.055812358578066,0.25534208480127063,13.190000918196745,-2.2919738460241206,13.20076410711755
4.694000000003143,-0.599573241432779,12.941254938126349,-1.6456473934115365,12.928534967132748,0.400426758567221,12.815584853247401,-2.6456473934115365,11.825298693530044
4.826000000000931,-0.1288134031998993,13.609901425302382,-1.2359214486199335,12.59797061880829,-0.1288134031998993,11.832297500606785,-2.2359214486199335,11.841408680874792
4.89600000000064,-0.12651955606719412,12.109369833323967,-2.470048017252907,12.098846116883692,-0.12651955606719412,11.74187453645635,-1.470048017252907,11.749911166471463
4.996000000002823,-0.36845055015544403,12.50115047017323,-1.28300624703013,12.490948551997178,0.631549449844556,10.206352462813072,-2.28300624703013,11.214143345652872
5.1120000000009895,-1.2424018808001733,11.300577351655818,-0.6048895184875391,11.291480029114496,-0.24240188080017333,10.8868606820688,-1.6048895184875391,10.89380802009424
5.220000000001164,-0.6461262862798094,11.288120555569492,-1.2945188406843045,11.279509013585198,0.3538737137201906,10.660041974318176,-2.2945188406843045,10.666618337068087
5.468000000000757,-0.12633068343478726,10.558472218017812,-2.1441123765484917,10.551480040853733,-0.12633068343478726,10.508256665958129,-2.1441123765484917,10.513596370917696
5.574000000000524,-0.5262595815613054,9.552092355420541,-1.8342052723570532,10.545500821812482,-0.5262595815613054,9.276797195948689,-2.834205272357053,9.281830942072645
5.702000000001135,-0.20680601828797762,9.842036863117357,-1.3085769558101674,8.836093102429572,-0.20680601828797762,9.582712589541813,-1.3085769558101674,9.58725165193647
5.786000000000058,-0.43785306480100417,9.263401647567832,-1.1314853200955213,9.257669052173128,-0.43785306480100417,9.024598036337068,-2.1314853200955213,9.028975838463907
5.890000000003056,-0.8456056821299285,9.280022778059731,-0.8456221580003103,9.274674952366865,0.15439431787007152,8.775573434039018,-1.8456221580003103,8.779657399691587
6.014000000002852,-1.18613645848518,9.511168376060482,-0.6438617811844551,9.506161413947098,-0.1861364584851799,8.362723268369962,-1.6438617811844551,8.366546927267905
6.116000000001804,-0.3745041549518078,9.083935312017672,-1.530889383107251,9.079109703557435,-0.3745041549518078,8.688987671774896,-1.530889383107251,8.692672836613099
6.2260000000023865,-0.44569002607994435,8.786170120153088,-1.3920088914316011,8.781328588124666,-0.44569002607994435,8.916381548454467,-2.392008891431601,7.920078873619104
6.319999999999709,-0.44109463022272166,8.79628317393076,-1.3945464527788545,8.79143708585542,-0.44109463022272166,8.908658528550177,-2.3945464527788545,8.912359333023971
6.458000000002357,-0.24010943223584036,9.818873136499235,-1.2093590512571382,8.813572432618741,-0.24010943223584036,8.891407287294214,-2.209359051257138,8.895455267506293
6.564000000002125,-0.32143372043185536,9.836446796725511,-1.3031415370211334,8.831346090366651,-0.32143372043185536,8.877986837774017,-2.3031415370211334,8.881882086192661
6.666000000001077,-0.9493860364651141,8.853642255114437,-0.9429667280113563,8.847683556179618,0.0506139635348859,8.864855209057225,-1.9429667280113563,8.869405679319641
6.804000000000087,-0.44208987818893775,8.883000375088443,-1.4560412510190872,9.875872778057328,0.5579101218110623,8.842435339659119,-1.4560412510190872,8.847878460495906
6.902000000001863,-2.432153363649604,8.909128965347122,-2.4676193058068066,8.911351118528614,-1.4321533636496042,8.822481760149344,-3.4676193058068066,8.820784771917317
7.033999999999651,-1.819122540463809,8.959596536255162,-1.9169376465201822,9.007383144139112,-0.819122540463809,8.783941269491208,-2.916937646520182,8.747448145657472
7.132000000001426,19.45441311470927,9.030136067164847,19.23453170409482,9.143456798263173,20.45441311470927,8.730072456644905,18.23453170409482,8.643532991802601
7.238000000001193,4.222499018238636,9.322337943343484,3.4251670981371944,9.605927242142911,5.222499018238636,8.506927108522518,2.4251670981371944,8.290358913848593
7.366000000001804,-0.822619098730911,9.4319851009775,-1.8264011216197105,9.756928310128615,0.177380901269089,8.423193035761358,-1.8264011216197105,9.175044165280951
7.460000000002765,-0.8192282864347362,9.43195026975178,-1.8229582769461103,9.756885051301595,0.18077171356526378,8.423219635268993,-1.8229582769461103,9.175077200681528
7.562000000001717,-0.816437306208968,9.431889310499628,-1.8201010942938183,9.756816669889474,0.18356269379103196,8.423266187925378,-1.8201010942938183,9.175129421407178
7.680000000000291,-0.8148458576363282,9.43181705060067,-1.818444749520495,9.756739614077105,0.18515414236367178,8.423321370528981,-1.818444749520495,9.175188266498424
7.794000000001688,-0.8163318979328551,9.431812313619957,-1.8199391130673348,9.756738269829441,0.1836681020671449,8.423324988011586,-1.8199391130673348,9.175189293057883
7.930000000000291,-0.8173875005255695,9.43180356489762,-1.8209967306693216,9.756731850184394,0.18261249947443048,8.423331669134598,-1.8209967306693216,9.17519419553821
8.020000000000437,-0.8175586826620247,9.431786286128215,-1.8211567582326325,9.756714710688811,0.1824413173379753,8.423344864385342,-1.8211567582326325,9.17520728442986
8.144000000000233,-0.8173592442609561,9.431755716248631,-1.8209336124962192,9.756683216370334,0.18264075573904393,8.42336820963726,-1.8209336124962192,9.175231335646572
8.238000000001193,-3.8172954072447283,9.431741664875517,-4.8208590985923365,9.756668804962942,-2.8172954072447283,8.423378940227394,-5.8208590985923365,8.175242341183548
8.342000000000553,-21.921208521431822,9.381495201071061,-22.835133339559206,9.689600103539306,-20.921208521431822,8.461750578370811,-22.835133339559206,8.226460591124294
8.472000000001572,0.4709251452375156,9.050355590406355,0.2009420449242043,9.1873042629868,0.4709251452375156,8.714631445068903,-0.7990579550757957,8.610048067242928
8.554000000000087,-19.452716805332557,9.045771711919997,-19.614618827277013,9.097663885191253,-18.452716805332557,8.71813200835743,-20.614618827277013,8.678503593848689
8.648000000001048,-11.819865417038216,9.178810392639832,-12.038117037677694,9.144350777130342,-11.819865417038216,8.616534567878205,-13.038117037677694,8.642850288364286
8.754000000000815,6.365037348393855,9.60835208115384,6.749106215708707,9.425301545197385,7.365037348393855,8.28850714084723,5.749106215708707,8.428297056313113
8.868000000002212,-0.6121465590017579,9.756356693411249,-1.3853743630156146,9.536778272029608,-0.6121465590017579,9.175480690922257,-2.3853743630156146,8.34316579931425
8.984000000000378,0.10711842992873244,9.813801677625861,-0.7215470833239692,9.584966689119199,0.10711842992873244,9.131611769996482,-2.721547083323969,8.306365826475144
9.098000000001775,-0.9069714803593456,8.833190752961912,-0.7533914443457093,9.601859837101301,0.0930285196406544,9.116804945268939,-1.7533914443457093,8.293465062672226
9.204000000001543,-0.2330887123972616,8.865730303188798,-2.109503008918125,9.630159377076154,-0.2330887123972616,9.091955518023326,-3.109503008918125,8.271853597400366
9.304000000000087,-0.14238452776220356,9.886720367362045,-2.03827326095967,9.648384716272858,-0.14238452776220356,9.075926068663534,-3.03827326095967,8.25793548122374
9.406000000002678,-1.3573539269689832,8.902988622371424,-2.268117839470392,9.662650169335052,-0.35735392696898316,9.063502515896232,-3.268117839470392,8.247041405075777
9.4900000000016,-1.5252900502238163,8.922200346217664,-2.45324609593996,9.679718314977151,-0.5252900502238163,9.048831128902577,-3.45324609593996,8.234007001084478
9.608000000000175,-0.7310242972486662,9.939682929303558,-2.674821612615858,9.69516081652705,-0.7310242972486662,9.035480232119141,-3.674821612615858,8.222214050165462
9.726000000002387,-0.8678553637797108,8.978539867111238,-1.8474252638191047,9.729245736314908,0.13214463622028916,9.005806415415975,-2.8474252638191047,8.196184472972902
9.84400000000096,-0.5269298595599707,10.004740539852037,-2.5311143263415374,9.752023517074065,-0.5269298595599707,8.985797788790194,-2.5311143263415374,9.178789800894037
9.940000000002328,0.01825869373766409,10.04156248086855,-2.0190915372839413,9.78482809567555,0.01825869373766409,8.957678034892353,-2.0190915372839413,9.15373797984563
10.04200000000128,-1.4433642958039172,9.05297099489826,-2.4912968813104044,8.794849466320898,-1.4433642958039172,8.94896571289081,-3.4912968813104044,8.146084975455153
10.170000000001892,4.329859829816485,9.237911452706783,3.0423171262638107,9.92880497555376,4.329859829816485,8.80773252377071,3.0423171262638107,9.043787381984544
10.294000000001688,-1.8194364132712053,9.330484210943212,-2.257457034454717,8.987774690213655,-0.8194364132712053,8.737037630796465,-3.257457034454717,8.998754072552856
10.402000000001863,-3.2195706770346533,10.33653564451447,-4.698975364720525,9.980714192183484,-3.2195706770346533,8.732416342019803,-4.698975364720525,9.00414595200101
10.470000000001164,-0.3238414318049081,10.274587556398274,-1.785986781338977,8.91064615244602,-0.3238414318049081,8.779724141233771,-1.785986781338977,9.057654701923866
10.59400000000096,-0.4632597385339068,9.108352344572666,-1.7790807545675875,9.756348531871197,-0.4632597385339068,8.90667272451509,-2.7790807545675875,8.175486923632775
10.702000000001135,-0.4265853381442639,9.108885980829996,-1.743031837656929,9.756790249584128,-0.4265853381442639,8.90626520335212,-2.743031837656929,8.175149597760253
10.804000000000087,-0.430763886658724,9.109004141739092,-1.7472661270382446,9.756916337501309,-0.430763886658724,8.906174967596087,-2.7472661270382446,8.17505330839856
10.909999999999854,-0.43521297996096564,9.10900783699094,-1.751687904747996,9.75693021033453,-0.43521297996096564,8.906172145648952,-2.751687904747996,8.175042714153733
10.996000000002823,-0.44481854453039205,9.108999891835083,-1.7612231977445276,9.756944465152799,-0.44481854453039205,8.906178213113606,-2.7612231977445276,8.175031828198996
11.132000000001426,-8.846455005989185,9.171411381048244,-9.25267804469894,8.803295627516377,-7.846455005989185,8.858516529111341,-9.25267804469894,9.13963490879263
11.262000000002445,11.678515299394974,10.087390201956623,9.917211971093025,9.52727567493514,11.678515299394974,9.159012420728061,9.917211971093025,8.586754202386373
11.37000000000262,-2.5480871723884775,10.042467473731165,-2.721120031048372,9.332366617705475,-1.5480871723884775,9.42965005974321,-3.721120031048372,8.97193166584401
11.481999999999971,3.3591231784289732,10.523799002020326,1.4879235289656378,10.4997636768897,4.359123178428973,9.534735506393645,2.487923528965638,9.316758955743808
11.592000000000553,-0.6510211413434916,10.185579805180339,-1.5289648845918862,10.085249490453236,0.34897885865650835,10.029354399218505,-1.5289648845918862,9.869641923516383
11.700000000000728,-0.5908770424332772,10.187140023433358,-1.4712620196074937,10.086626460915738,-0.5908770424332772,10.028162909794219,-1.4712620196074937,9.868590374644612
11.837999999999738,-0.5797840514222514,10.187422311709952,-1.4606150702281013,10.08687517698138,-0.5797840514222514,10.027947335149179,-1.4606150702281013,9.868400438037156
11.936000000001513,-0.3674218707786423,11.08423024333149,-1.0910996235065227,9.995417563740205,-0.3674218707786423,10.106751860030784,-2.0910996235065227,9.938243729983128
12.038000000000466,-24.249975248034843,9.125876067134868,-24.066302993559106,9.265865329877727,-24.249975248034843,9.60228511980705,-26.066302993559106,9.259048169599566
12.148000000001048,1.3465718166263798,9.250409617382559,1.206383508731733,9.636867903165353,2.34657181662638,9.034519639635562,-0.793616491268267,8.503062077476898
12.260000000002037,10.036045457689056,9.745604094054954,7.933169459494991,9.38406877802538,9.036045457689056,8.183692111594723,7.933169459494991,8.459785218897707
12.348000000001775,-0.4634200967853417,9.130108049904607,-0.7915551713941227,8.917861111805621,-0.4634200967853417,8.65372700950843,-1.7915551713941227,8.81581329556991
12.460000000002765,-0.39460960248794663,9.13057666620847,-0.7233395168806283,8.918168187783749,-0.39460960248794663,8.653369142031238,-1.7233395168806283,8.81557879133976
12.582000000002154,-0.3863902360547513,9.130589203400802,-0.7151605747399117,8.918161797251685,-0.3863902360547513,8.653359567773293,-1.7151605747399117,8.815583671587376
12.674000000002707,-0.39079690698127934,9.130505615661946,-0.7194913449929459,8.918089008759182,-0.39079690698127934,8.653423401090663,-1.7194913449929459,8.815639257861164
12.760000000002037,-0.39623591253234736,9.130436009327468,-0.7248603484281944,8.918032447054316,-0.39623591253234736,8.65347655725077,-1.7248603484281944,8.815682452249575
12.89600000000064,-0.4080542984306703,9.130313788889566,-0.7365471101562093,8.917938325121213,-0.4080542984306703,8.653569893140855,-1.7365471101562093,8.815754330198388
13.018000000000029,-0.415758195682713,9.130258351911266,-0.7441823071853264,8.91790099895968,-0.415758195682713,8.653612228610939,-1.7441823071853264,8.815782835009543
13.128000000000611,-6.109077784799297,8.99774714261099,-6.278304160393134,8.83157961562847,-5.109077784799297,8.75480685581914,-7.278304160393134,8.881703750322572
13.226000000002387,26.309288439147736,8.884754535243928,25.26903060308649,9.768936223289188,27.309288439147736,8.841095742926598,25.26903060308649,8.929542531421134
13.332000000002154,-0.770346108216529,8.753451012743653,-1.6896259439007508,9.73076574492353,0.22965389178347095,8.941368097851864,-2.689625943900751,7.958692120719775
13.436000000001513,-0.7086606463986982,8.753615869529199,-1.628037271580638,9.730787412988548,0.2913393536013018,8.941242201929185,-2.628037271580638,7.958675573502546
13.558000000000902,-0.7136548025006277,8.753648087109923,-1.6330557199238456,9.730831214749685,0.28634519749937226,8.941217598379865,-2.6330557199238456,7.958642123480388
13.66400000000067,-0.7244975616009128,8.753686565938779,-1.6439290301334495,9.73089484994523,0.27550243839908717,8.941188213313012,-2.6439290301334495,7.958593527290532
13.75800000000163,-0.7276602553678231,8.753702193231106,-1.647103742112563,9.730917814224256,0.2723397446321769,8.94117627924328,-2.647103742112563,7.958575990195584
13.864000000001397,-0.9984361566171742,8.753307633013037,-1.917688597896813,9.731151744778401,0.0015638433828257803,8.941477592425656,-2.917688597896813,7.95839734481649
13.962000000003172,24.58482473972333,9.737025270915183,23.666977645284646,8.74834351754646,24.58482473972333,8.95391191833113,22.666977645284646,8.945268530692033
14.062000000001717,31.144971980426703,8.810304508185823,31.02461150130773,8.958010087991568,32.1449719804267,8.897950878228471,30.02461150130773,8.785152789946494
14.176000000003114,-0.9554491376480883,8.987734194419602,-1.4079361108047124,9.230324784266202,0.044550862351911746,8.762453428247454,-1.4079361108047124,8.577194653285233
14.290000000000873,-0.9224821683952769,8.987215196720967,-1.3743937551705585,9.229723345554987,0.07751783160472314,8.762849770405353,-2.3743937551705585,8.577653953041818
14.390000000003056,-0.9164323832173977,8.987250064957493,-1.3683317442466887,9.22974458358675,0.08356761678260227,8.762823142633863,-2.3683317442466887,8.577637734227437
14.512000000002445,-0.9383327825885317,8.987519390728949,-1.3905602281691927,9.230067806662532,0.0616672174114683,8.762617467044777,-1.3905602281691927,8.577390898968474
14.616000000001804,-0.9463056761874213,8.987663645531825,-1.3986857225983158,9.230232215355102,0.05369432381257866,8.76250730420594,-1.3986857225983158,8.577265345240221
14.722000000001572,2.9543692542387134,10.054277222186215,2.4025569528334927,9.316425766741474,2.9543692542387134,8.711636618683144,1.4025569528334927,8.511442051148094
14.954000000001543,-0.8755032398736375,9.003468927061306,-0.6856796316384361,9.438672033974285,0.12449676012636246,8.986768879334136,-1.6856796316384361,8.654418005800949
15.032000000002881,-1.0455017020321975,9.066968754021559,-0.9040350751915867,9.503817126667059,-0.0455017020321975,8.93827606615281,-1.9040350751915867,8.604668755120201
15.105999999999767,-1.3581804099788997,9.084490280543548,-1.2225589461667141,9.520078290888023,-0.35818040997889966,8.924895429496814,-2.222558946166714,8.59225061736413
15.212000000003172,-0.5839687441246042,9.088599947315743,-1.4333510337985444,9.520119942706401,0.4160312558753958,8.921757006723624,-1.4333510337985444,8.592218809185454
15.332000000002154,-0.5753419779598516,9.090556012305683,-1.415988461279312,9.519753066329258,-0.5753419779598516,8.920263221643154,-2.415988461279312,8.59249898109249
15.454000000001543,0.8714418512238353,9.068537835942493,0.08129608644878772,9.489235862887256,1.8714418512238353,8.937077807825233,0.08129608644878772,8.61580400594329
15.569999999999709,0.27319608821710517,9.885669869299818,-0.2927507232220705,9.28096078389325,0.27319608821710517,9.076728300869775,-1.2927507232220705,8.774857108596564
15.676000000003114,-0.22916789830890139,9.728042852277554,-1.6753998339191867,9.119351255481604,-0.22916789830890139,9.197103077537633,-1.6753998339191867,8.898273203485871
15.794000000001688,0.3680947646352024,9.913723165787928,-0.46034843358665967,9.284819423606962,0.3680947646352024,8.818973314310142,-1.4603484335866597,8.535578817598207
15.89600000000064,2.4627357701061783,9.23259519274103,2.166527913340815,9.58312522804755,3.4627357701061783,8.339129244344178,1.1665279133408148,8.071440522496289
16.0,-6.185169226884568,8.932244136379381,-6.846219076154739,9.40177756892183,-6.185169226884568,8.568497864105325,-7.846219076154739,8.20993000468576
16.116000000001804,-4.916545917065946,8.883092637615107,-5.385636656583529,9.543251875443502,-4.916545917065946,8.842364881680169,-6.385636656583529,8.338222112756569
16.218000000000757,7.678320781166576,9.646845841332379,7.070008137434911,9.559514281169982,7.678320781166576,9.495442241098942,6.070008137434911,9.798466166231776
16.322000000000116,3.2183046320710673,9.719167141465562,3.6703633314024273,9.76912000246574,4.218304632071067,9.676544317011292,2.6703633314024273,9.87472846372549
16.436000000001513,3.6247932270904357,9.293557398719656,2.022989067943058,10.414621493362347,3.6247932270904357,9.237900610854297,2.022989067943058,9.38177935339354
16.52400000000125,-0.6500609589196529,9.468061224581959,-2.574642969884735,10.610519205080493,0.3499390410803471,9.10463754807057,-1.574642969884735,9.23217845537954
16.614000000001397,-6.702274667411757,10.387322488287907,-6.4871068944366925,10.520625594589148,-5.702274667411757,9.16629517208355,-7.4871068944366925,9.300827367800537
16.82600000000093,-1.3974656279111741,9.998308396078585,-0.9617993823087545,9.98496465157109,-0.3974656279111741,9.227041383594383,-1.9617993823087545,9.473563149682093
16.97200000000157,-1.2484730499807029,9.994815971483092,-0.8067078975539062,9.981051336950031,-0.24847304998070285,9.229708438003286,-1.8067078975539062,9.476551624516162
17.074000000000524,-1.243971518035778,9.994729820389352,-0.80203817392362,9.980953296742769,-0.243971518035778,9.229774228873737,-1.80203817392362,9.476626494727327
17.192000000002736,-1.2613881551894792,9.995186066149472,-0.8202074622329292,9.981460790369852,-0.2613881551894792,9.229425808390317,-1.8202074622329292,9.476238937865617
17.290000000000873,-1.2657827248974627,9.995303428528189,-0.8247938030261821,9.981591179455108,-0.2657827248974627,9.22933618244673,-1.824793803026182,9.47613936383766
17.372000000003027,-15.451119995380623,9.7988142323793,-17.681157133241413,10.762512269502622,-15.451119995380623,8.379388778447549,-17.681157133241413,8.643443011120553
17.47200000000157,6.779497783787747,9.926993753617467,5.5737225461882645,9.672377293959926,6.779497783787747,8.80883898533267,5.5737225461882645,9.239613107081823
17.83600000000297,3.0941057087113677,8.45975238612806,3.3639730306911133,8.58013799777666,4.094105708711368,7.456661758036262,2.3639730306911133,7.364727066953662
17.952000000001135,-0.4601860085103908,8.440421384254648,-1.1611645809529136,8.551817791440214,-0.4601860085103908,7.471424233893629,-2.1611645809529136,7.386354314473294
18.08600000000297,-0.45180364025077324,8.440271636519071,-1.1526476720282517,8.5516504218146,-0.45180364025077324,7.471538591511887,-2.1526476720282517,7.3864821293726095
18.17000000000189,-0.44071098029837685,8.440159752228567,-1.1414382614489114,8.55151573788828,-0.44071098029837685,7.471624034012336,-2.1414382614489114,7.386584983235252
18.306000000000495,-0.42396541539983446,8.439988698280615,-1.1245149315614071,8.551310252857093,-0.42396541539983446,7.471754662512296,-2.124514931561407,7.38674190566644
18.548000000002503,-0.40808701334492525,8.439798065549496,-1.1084477844426601,8.551086801302915,-0.40808701334492525,7.471900242710831,-2.10844778444266,7.386912548564055
18.666000000001077,-0.4034526412802961,8.439734957957171,-1.1037530217298581,8.551014070143196,-0.4034526412802961,7.47194843598686,-2.103753021729858,7.386968091054712
18.756000000001222,-0.3997800255240236,8.43968894813952,-1.100035390845619,8.550960458023724,-0.3997800255240236,7.471983572232148,-2.100035390845619,7.387009032937783
18.864000000001397,-0.3965483949718873,8.439649656202675,-1.0967649984650052,8.550914483828365,-0.3965483949718873,7.472013578243718,-2.096764998465005,7.387044141979402
18.968000000000757,-0.3969225224158208,8.439585109239658,-1.0970945350338752,8.550850294631061,-0.3969225224158208,7.472062870721686,-2.097094535033875,7.387093161243001
19.054000000000087,-0.3954235966524493,8.439534656084106,-1.0955547389287403,8.550796548106518,-0.3954235966524493,7.472101400203883,-2.0955547389287403,7.38713420576704
19.19000000000233,-0.39422609149391974,8.439456475726729,-1.0942976813191763,8.550715508736744,-0.39422609149391974,7.472161104074701,-2.0942976813191763,7.387196092975273
19.290000000000873,-0.39447673761424085,8.43941467009364,-1.0945194748813947,8.550673951446527,-0.39447673761424085,7.472193029716777,-2.0945194748813947,7.38722782896582
19.376000000000204,-0.3971626894339124,8.439362143943185,-1.0971771377404593,8.550626466489746,-0.3971626894339124,7.4722331422797765,-2.0971771377404593,7.387264091728241
19.504000000000815,-0.3971176239210763,8.43930379797996,-1.097090478110772,8.550567679497476,-0.3971176239210763,7.472277699249787,-2.097090478110772,7.3873089854983505
19.622000000003027,-0.3970119466622464,8.439265986203054,-1.0969575884901133,8.550529429379594,-0.3970119466622464,7.472306574910135,-2.0969575884901133,7.387338195905954
19.744000000002416,-0.39675237617404946,8.439178103103359,-1.0966347234832483,8.550440499651302,-0.39675237617404946,7.472373688459015,-2.0966347234832483,7.387406108731909
19.796000000002095,-0.39672154519269043,8.439167713881773,-1.0965964095651088,8.550429986411302,-0.39672154519269043,7.472381622379544,-2.096596409565109,7.387414137361361
19.908000000003085,-0.396626244215895,8.43913560955815,-1.0964779850463628,8.550397498795064,-0.396626244215895,7.472406139437908,-2.096477985046363,7.38743894712826
19.98400000000038,-0.3965253423792774,8.43910162962544,-1.0963526086267166,8.550363113111644,-0.3965253423792774,7.4724320888398665,-2.0963526086267166,7.387465206389209
20.090000000000146,-0.39644126554219383,8.43907332311926,-1.0962481435090012,8.55033446855731,-0.39644126554219383,7.472453705624957,-2.0962481435090012,7.387487081331017
20.208000000002357,-0.3963207694778248,8.439032766438231,-1.0960984356401013,8.550293427465931,-0.3963207694778248,7.47248467748193,-2.0960984356401013,7.387518423116887
20.30000000000291,-0.39619748860286563,8.438991286005773,-1.095945277476062,8.55025145151069,-0.39619748860286563,7.472516354778634,-2.095945277476062,7.3875504788287
20.402000000001863,-0.39607422535152637,8.43894982515775,-1.0957921509075277,8.550209495294268,-0.39607422535152637,7.472548017119323,-2.0957921509075277,7.387582519466605
20.494000000002416,-0.39593417480364224,8.438902734245858,-1.0956181816715116,8.550161841650436,-0.39593417480364224,7.472583978962064,-2.0956181816715116,7.387618911050026
20.598000000001775,-0.39575494306996006,8.438842494500989,-1.095395560144425,8.550100881897094,-0.39575494306996006,7.472629982153592,-2.095395560144425,7.387665464089196
20.713999999999942,-0.3955085595480341,8.438759731642733,-1.0950895633068285,8.55001712955368,-0.3955085595480341,7.472693185535661,-2.0950895633068285,7.387729423109818
20.81800000000294,-0.3953797957196912,8.438716499861016,-1.0949296598187175,8.549973380782376,-0.3953797957196912,7.47272620028258,-2.0949296598187175,7.387762832665317
20.958000000002357,22.890336990344622,8.387629613739534,22.312321990820806,8.432246855796791,23.890336990344622,7.511739642417581,22.312321990820806,7.47766686320989
21.06800000000294,12.753509865107219,8.515592419497636,12.091197706598791,8.419015869878422,13.753509865107219,7.414018487403041,12.091197706598791,7.487770949457854
21.162000000000262,-11.877598062368122,8.85200611584554,-12.938187225678917,8.6440165941097,-11.877598062368122,8.157109967969859,-13.938187225678917,8.315944999560031
21.260000000002037,-7.00532533917368,8.332477586033804,-7.688300775355685,8.017936642296206,-6.00532533917368,7.790189074510295,-7.688300775355685,8.030394063290544
21.37800000000061,-1.0581911655351632,8.397619441888537,-1.8348503424643923,9.068753573798404,-0.058191165535163236,7.740442295700689,-1.8348503424643923,7.9915867769759075
21.506000000001222,-1.0561070443898188,8.397873363940505,-1.8329615956463954,9.068999780521494,-0.05610704438981884,7.74024838344576,-1.8329615956463954,7.991398756674073
21.61200000000099,-1.0504551968729174,8.3980425660136,-1.827469664299656,9.069155632692343,-0.05045519687291744,7.740119169164188,-1.827469664299656,7.991279737291393
21.718000000000757,-1.0352979391395252,8.398475087688382,-1.8127261487861688,9.069552661520788,-0.03529793913952517,7.739788866015715,-1.8127261487861688,7.9909765389091945
21.81800000000294,-1.0309408816210635,8.398601811078379,-1.8084897301612273,9.069669147208344,-0.030940881621063454,7.739692091363452,-1.8084897301612273,7.990887582466939
21.92000000000189,-17.525996260937063,8.445739686398952,-17.361860451068765,8.109365806329606,-17.525996260937063,7.703694384107962,-18.361860451068765,7.960572497106398
22.06000000000131,0.3335024758133045,9.099116474488142,-1.301047909856436,8.673445330892832,-0.6664975241866955,8.204731157930553,-3.301047909856436,7.529802771998959
22.16400000000067,0.0823319365732118,9.068952686844739,-1.5013069241439894,8.650047287523535,0.0823319365732118,8.227766290293118,-2.5013069241439894,7.547671119051756
22.444000000003143,0.1227657833872513,9.070976028341022,-1.4626869095863526,8.651956063660407,0.1227657833872513,8.226221128268605,-2.4626869095863526,7.5462134469754005
22.572000000000116,-13.82218887419424,8.75749248008384,-14.022438754081293,8.380254601117826,-12.82218887419424,8.465618617502173,-15.022438754081293,7.753703276395015
22.68000000000029,-1.9379378786426287,8.658726559525007,-3.0349552314810353,8.29101024439666,-1.9379378786426287,7.541043033025858,-3.0349552314810353,7.821856374208551
22.80199999999968,-0.7613365457928012,8.680548140138967,-0.891096516249263,8.308303041703027,1.2386634542071988,7.5243785808109465,-1.891096516249263,7.808650410833479
22.902000000001863,-0.7570944117953786,8.680715529528527,-0.887007687279322,8.308459547660561,1.2429055882046214,7.524250750818624,-1.887007687279322,7.808530892174531
22.986000000000786,-0.7503743490921124,8.680889171360548,-0.8804650451170346,8.308617456406068,1.2496256509078876,7.524118146033288,-1.8804650451170346,7.808410302250763
23.090000000000146,-0.7411041930735109,8.68111649468949,-0.8714309096168904,8.308823277305748,1.258895806926489,7.523944546383575,-1.8714309096168904,7.808253123327347
23.192000000002736,6.264900648677724,8.681262978664165,5.134421593418267,9.308955845368246,7.264900648677724,7.523832681196495,5.134421593418267,7.8081518852831096
23.33600000000297,-12.468226805301981,7.977651184811521,-13.750767703651945,8.714955145739395,-12.468226805301981,8.061158795373217,-13.750767703651945,8.26177146718669
23.42000000000189,-0.33854635005945966,8.910871567777747,-1.5423452501725023,8.66030424554208,-0.33854635005945966,8.112156280691806,-2.5423452501725023,7.303506634356779
23.51599999999962,-0.2665702345778982,8.91148915100456,-1.4711820653344034,8.660775502005947,-0.2665702345778982,8.11168465187842,-2.4711820653344034,7.303146750672738
23.63800000000265,-0.222211682476825,8.911856022126699,-1.427314908618314,8.66105234458638,-0.222211682476825,8.111404483984359,-2.427314908618314,7.302935334733888
23.770000000000437,-0.21156972304095234,8.911931915071477,-1.416782267378153,8.661106773510255,-0.21156972304095234,8.111346526938348,-2.416782267378153,7.302893769082971
23.860000000000582,13.18618281855015,8.906451964170401,10.987987561296109,8.656854607112166,12.18618281855015,8.115531392441312,10.987987561296109,7.3061410143217245
23.968000000000757,11.682326792363654,8.520470496650773,10.950586978153297,8.366885772835133,12.682326792363654,7.410293253880468,10.950586978153297,7.527581058840212
24.08600000000297,-15.057836678528815,8.308306646118524,-15.55758981391375,8.320818898335574,-14.057836678528815,7.5723160885902985,-16.55758981391375,7.562760876579603
24.195999999999913,10.842839267359977,8.410913624262264,11.208643237564843,8.49162205231869,11.842839267359977,7.493958378649779,10.208643237564843,7.432323900081144
24.314000000002125,27.814561109770807,7.77587886800336,27.75312905695364,7.949377129731715,27.814561109770807,8.215245943835214,26.75312905695364,8.082750798635232
24.4320000000007,39.42885003579511,7.884397152402073,38.247693954706165,8.075817253578009,39.42885003579511,9.132373955925743,39.247693954706165,8.986192467726141
24.50800000000163,22.719456550914288,7.5045846112224694,23.866460036792773,7.7778737984342,23.719456550914288,9.658756372734842,22.866460036792773,9.450054048109337
24.62000000000262,61.863674974138576,7.760819143729634,62.9643642469681,8.089879747795578,63.863674974138576,9.699409719162361,62.9643642469681,10.448116524170246
24.72200000000157,71.30783973004748,7.135137070877761,72.85005948295418,7.612958128067305,71.30783973004748,10.649886504955816,72.85005948295418,11.284989648230805
24.866000000001804,18.38219410917918,8.764578369273465,18.911185618994182,8.418406679919201,18.38219410917918,10.405533626286797,17.911185618994182,10.906225586587311
24.976000000002387,9.365406262360352,7.872701872820414,10.803490794917138,8.5957578819785,11.365406262360352,10.559294689715614,9.803490794917138,11.007119642157534
25.092000000000553,3.8547778348372503,9.823379616210559,2.6013836934298524,9.63659906631625,3.8547778348372503,10.069623679331244,1.6013836934298524,10.448593658351172
25.226000000002387,-8.940065157685694,10.047045303480274,-9.135886534478004,10.901288631963268,-7.940065157685694,10.135148824679163,-10.135886534478004,10.482790162892286
25.355999999999767,3.143528744929654,10.697188588040262,1.9373408393533964,10.424864861614992,3.143528744929654,9.402323353401357,0.9373408393533964,9.846619955768517
25.44000000000233,0.3309782292876662,10.450238097876536,-0.45028910317546433,10.127655184777211,0.3309782292876662,9.59091164659526,-1.4502891031754643,10.073589603159519
25.544000000001688,-3.7921204214883346,10.387878967891254,-4.471612920269763,10.053204218312942,-3.7921204214883346,9.638533345508051,-5.471612920269763,10.130445455856204
25.644000000000233,-3.955069264539702,10.09489233829089,-4.160859979838619,10.701970612230241,-2.955069264539702,9.862277985044273,-5.160859979838619,9.3986714724943
25.75,3.963353241699906,9.729362997074588,3.334117187914444,10.26055773912941,3.963353241699906,10.141421203292168,2.334117187914444,9.735764548424982
25.876000000000204,-0.8127253990048757,9.899938052227753,-1.277584383594558,10.26311279605494,0.18727460099512427,9.774826849004228,-2.277584383594558,9.49748176244833
25.98400000000038,-20.802672697053822,10.99548851292218,-22.155563460301096,10.146252435470274,-19.802672697053822,8.465526409003019,-23.155563460301096,9.35039276091959
26.122000000003027,-0.47994656077366926,9.460828131210576,-1.6586853951936291,9.534869481774763,-0.47994656077366926,8.637498093802208,-1.6586853951936291,8.580955051836952
26.220000000001164,-0.9318396290727833,9.157587974454827,-1.1867454182716983,9.225184474878688,0.06816037092721672,8.632741458661485,-2.1867454182716983,8.581120145286661
26.436000000001513,-0.424168282056371,8.246942796575013,-1.325786846023675,8.306424800105617,-0.424168282056371,8.091840862580284,-1.325786846023675,8.04641633431089
26.55000000000291,-0.11015074813053616,9.178516134750055,-0.2551515425343496,8.233695426677002,0.8898492518694638,7.907764574344355,-2.2551515425343496,7.865625891091497
26.652000000001863,-1.0475515034285081,8.775335947448468,-0.9071843600568172,8.829060731518211,0.9524484965714919,7.215660555123236,-2.9071843600568172,7.174632633602471
26.75800000000163,-0.7067132935455902,7.64019720086327,-1.7626789956591438,8.68964755667389,0.2932867064544098,8.08253017994042,-1.7626789956591438,8.044766504339009
26.858000000000175,-0.5649204894629065,8.176338202552301,-1.2925194335408605,8.224104610796303,-0.5649204894629065,7.436764653077319,-2.2925194335408605,7.40028695507084
27.104000000002998,-0.744540504368274,8.406446212296771,-2.218999695661182,7.447658435016592,-0.744540504368274,6.788375291138493,-2.218999695661182,6.756902817703292
27.226000000002387,-0.9098452346257773,7.597794869968254,-0.8096294085686395,7.633814253275887,1.0901547653742227,6.405916792422772,-2.8096294085686395,6.378409926510585
27.33400000000256,-0.23403400899121607,7.488551434061435,-1.3487118042387465,6.52084389926199,-0.23403400899121607,7.253010985981291,-1.3487118042387465,7.228350249769846
27.452000000001135,-1.4087775733946728,7.160497268709207,-1.2890952174632275,7.189255188513698,-0.4087775733946728,6.5035355955006935,-2.2890952174632275,6.481574080023847
27.58400000000256,0.2263774155790088,7.271178875488374,-2.0234752663832296,7.295724672580661,0.2263774155790088,6.182679976919815,-2.0234752663832296,6.163935126582999
27.712000000003172,-0.6273327519978693,6.7190606834635105,-1.486931606825351,6.742373714809219,0.3726672480021307,5.604315209982872,-2.486931606825351,5.586511783928756
27.81800000000294,-0.5428164528001389,6.842823935673152,-0.7832811676097435,6.864463542686565,-0.5428164528001389,6.273469551769836,-1.7832811676097435,6.256944067048778
27.90400000000227,-0.7189322661281494,6.599094172215018,-0.787408002570146,6.620546669122973,0.2810677338718506,5.459598277655857,-1.787408002570146,5.443215683015353
28.02400000000125,-0.7566836349426467,6.182307137389216,-1.5307659426583768,6.2030974026568515,0.24331636505735332,5.777885378325323,-1.5307659426583768,5.762008509082136
28.144000000000233,-0.6960218803980069,6.13315376103003,-1.4353160959253728,6.153783137568382,0.30397811960199306,5.815422260095261,-1.4353160959253728,5.799668256495352
28.244000000002416,-0.6486695648409295,6.133214254987706,-1.3879560455781075,6.153782885019211,0.3513304351590705,5.815376062769474,-2.3879560455781075,5.79966844935916
28.384000000001834,-0.6418789516098968,6.133319702675692,-1.3812326921341764,6.1538797834758725,0.35812104839010317,5.815295535699136,-2.3812326921341764,5.799594451066923
28.46600000000035,-0.6443100235841257,6.13337975324265,-1.3837087734160605,6.153943058687219,0.3556899764158743,5.815249676976862,-2.3837087734160605,5.79954612978554
28.580000000001746,-0.6508218745419754,6.133528301224146,-1.3903324960640475,6.154100223656201,0.3491781254580246,5.815136235573107,-2.3903324960640475,5.799426107860313
28.686000000001513,-0.6513998681012936,6.133580814192328,-1.3909482014365722,6.154153567433923,0.3486001318987064,5.815096133077134,-2.390948201436572,5.799385370901405
28.75800000000163,-0.6503638926852773,6.133642453420009,-1.389954665890059,6.154213978764858,0.3496361073147227,5.815049061144805,-2.389954665890059,5.7993392366751095
28.83600000000297,-0.6504389287437107,6.133766261925416,-1.3901172427148367,6.154338091324917,0.3495610712562893,5.814954512497877,-2.3901172427148367,5.799244455831172
28.92000000000189,-0.8368287341838823,6.134488755306734,-1.575148700600721,6.152731159135271,0.16317126581611774,5.81440276711146,-1.575148700600721,5.800471619214136
29.030000000002474,-2.955893942133855,6.1570868832298515,-4.697375533591526,7.145942745792979,-2.955893942133855,5.797145290231811,-4.697375533591526,5.805655716175636
29.148000000001048,13.285846499054173,6.4198531737322355,12.254743067166828,7.308899212333699,14.285846499054173,5.596478969618943,12.254743067166828,5.681211007159504
29.252000000000407,-35.64160582603978,6.81464309661925,-37.18522749457151,6.625677993814804,-36.64160582603978,6.29499036889564,-37.18522749457151,6.439297052342454
29.36200000000099,-36.045353178285666,6.45883081415036,-35.463308484270215,6.179990524709126,-35.045353178285666,6.803044545807495,-36.463308484270215,6.015986071959276
29.470000000001164,-0.7742977927860011,6.893182005029246,-0.796034680299897,6.5640690382542175,0.22570220721399892,6.471344253654877,-1.796034680299897,5.7226774363949175
29.58400000000256,-0.7094003957736277,6.894180309962678,-1.7324391474994059,7.564970784021568,0.2905996042263723,6.470581879693327,-1.7324391474994059,5.721988801620228
29.6820000000007,-0.7019055873909963,6.894407686459431,-1.7251763599107903,7.565184983625386,0.2980944126090037,6.470408239440985,-1.7251763599107903,5.721825224144936
29.78200000000288,-0.6993056790626326,6.89455278761028,-1.722705188431462,7.565324317052898,0.30069432093736737,6.470297430272922,-1.722705188431462,5.721718819605087
29.866000000001804,-0.6977555221950524,6.894658526315425,-1.7212457953160651,7.565426269429111,0.30224447780494756,6.470216680961926,-1.7212457953160651,5.7216409617939235
29.970000000001164,-0.4464004411420035,6.967343297243644,-1.5608715282459684,6.63164409887878,-0.4464004411420035,6.41470961603784,-2.5608715282459684,5.67107249591794
30.074000000000524,-1.2652004022291408,7.160490680720386,-1.5404117362630814,6.818567900959863,-0.26520040222914076,6.26720905687489,-2.5404117362630814,6.528324689390388
30.17000000000189,-0.5659988607291382,7.466649519646182,-1.0803584717446029,7.116894958834052,-0.5659988607291382,6.0334052169192205,-2.080358471744603,6.300501733377189
30.26599999999962,-10.207011061341206,6.794037297259763,-9.991982100172208,6.433847235229678,-9.207011061341206,6.783389506678134,-11.991982100172208,6.058455285970922
30.382000000001426,-6.448517865533546,7.544286291597871,-7.237846247648008,7.06265645428914,-6.448517865533546,6.446779604476319,-7.237846247648008,6.814585106336494
30.496000000002823,26.04908717231659,8.25902250808889,24.73973006843228,8.571568351542908,26.04908717231659,6.3736212592548895,23.73973006843228,6.898608295911629
30.65400000000227,-50.24456021819509,7.582178301519264,-82.00095423378,43.86941261625327,-60.24456021819509,10.126837381732173,-83.00095423378,9.671154033795915
32.11000000000058,-32.117571934209025,8.629265643202132,-32.31186651007678,7.947818148348404,-32.117571934209025,8.563541404750367,-33.31186651007678,8.083941343501124
32.24200000000201,-51.74800402125169,7.893527012953882,-51.98534168073115,7.544221252910916,-51.74800402125169,7.652738630319163,-51.98534168073115,7.919492411798103
32.324000000000524,68.12179484955664,8.714686918204734,67.12936417690048,8.393366363683072,69.12179484955664,6.789313164757232,66.12936417690048,7.034695528263228
32.43600000000151,82.55065052621484,7.803943449488429,81.75922814240181,7.68356729725582,82.55065052621484,7.484819199949698,80.75922814240181,7.576746667175087
32.55199999999968,11.42988370326816,7.871675734245855,11.36923584190265,8.047105451648065,12.42988370326816,7.43309419236607,10.36923584190265,7.299124055443372
32.6720000000023,4.52464494701519,7.318542455825934,3.7331724772775488,7.608415548113328,5.52464494701519,7.091836184528006,3.7331724772775488,6.870469255144428
32.908000000003085,0.032034237379662045,8.334068461443565,-1.82296660114298,7.635333237861516,0.032034237379662045,7.079979464188568,-1.82296660114298,6.849913065266151
33.17000000000189,0.2981347360879454,8.248847730367515,-1.4762644474933495,8.54489622397898,0.2981347360879454,7.1450598461213986,-1.4762644474933495,6.918976957702057
33.25,0.38785661027111473,8.244939962544663,-1.3829684774226507,7.5407742569270795,-0.6121433897288853,7.148044085040851,-2.3829684774226507,6.922124773810424
33.37200000000303,-0.6086074450773822,8.151362288595124,-1.3111408091160683,7.445736580512971,0.3913925549226178,7.219506400420357,-2.3111408091160683,6.994702046980308
33.46200000000317,-0.7166624566491464,7.9243336833109765,-1.2464889118521114,8.213696084023752,-0.7166624566491464,7.392880979058816,-2.2464889118521114,7.171904048708427
33.58799999999974,-1.0737166824918631,7.493472675958742,-2.27655770059107,7.773560586401061,-1.0737166824918631,6.721915928236058,-4.27655770059107,6.508021633312694
33.692000000002736,-0.4472009237331349,7.5436005504201376,-0.9308841507593115,7.803931541156658,-0.4472009237331349,6.4473032833652155,-1.9308841507593115,7.248496724301958
33.80400000000009,-1.022217191150503,7.17202529801682,-1.2251754496529657,7.424875261416446,-0.022217191150502913,6.731063573119343,-2.2251754496529657,6.537970038459719
33.88800000000265,-0.7800570590867437,7.108233586611675,-0.9348748748149092,7.359817458960663,0.21994294091325628,6.779779289236558,-1.9348748748149092,6.587652628342141
34.01800000000003,-0.7197125318557482,7.1052994746208356,-0.8719600782867474,7.35674956014509,0.28028746814425176,6.782019977934965,-1.8719600782867474,6.589995485815166
34.23400000000038,-0.7205707366754268,7.1060147593959755,-0.8733445510899855,7.357476157840722,0.2794292633245732,6.781473737533531,-1.8733445510899855,6.589440606093433
34.3080000000009,-0.7207417652916774,7.106060103807749,-0.8735497860510577,7.357522398745289,0.27925823470832256,6.781439109437827,-1.8735497860510577,6.589405293374455
34.39800000000105,-0.7217314996403275,7.1063209269446475,-0.8747363201895269,7.357788387770086,0.27826850035967254,6.781239927042293,-1.8747363201895269,6.589202165953282
34.528000000002066,-0.7234586983622648,7.106774746730025,-0.8768059785359128,7.358251203975044,0.27654130163773516,6.780893359199013,-1.8768059785359128,6.588848727828633
34.64800000000105,-0.7251223846086532,7.107211757082439,-0.8787994435926976,7.358696878432568,0.2748776153913468,6.7805596281892235,-1.8787994435926976,6.588508380315147
34.75600000000122,-0.7263328650853964,7.1075297092492065,-0.8802498592690426,7.359021134467412,0.2736671349146036,6.780316818157019,-1.8802498592690426,6.588260756217949
34.876000000000204,-0.7270680128229969,7.1077228035132975,-0.8811307213378541,7.3592180571835115,0.27293198717700307,6.780169358163448,-1.881130721337854,6.588110372556514
35.01800000000003,-0.728733500695057,7.108160249980642,-0.88312631921508,7.3596641770471365,0.27126649930494295,6.779835294106476,-1.88312631921508,6.587769684900422
35.12200000000303,-0.7297937856499175,7.108438729466627,-0.884396753486385,7.35994817818937,0.2702062143500825,6.779622628114566,-1.884396753486385,6.587552802194068
35.21800000000076,-0.7305729829784013,7.108643378362899,-0.8853303855024706,7.360156884913067,0.26942701702159866,6.779466344213063,-1.8853303855024706,6.587393419457953
35.340000000000146,-0.7318937000877668,7.108990244473716,-0.8869128594812992,7.360510628913062,0.2681062999122332,6.779201453514702,-1.8869128594812992,6.5871232763326475
35.427999999999884,-0.7328683302999934,7.109246209794378,-0.8880806501343841,7.360771669799135,0.26713166970000657,6.779005980880072,-1.888080650134384,6.586923927648968
35.51800000000003,-0.7338432410742826,7.109502243387453,-0.8892487731883421,7.3610327804105395,0.26615675892571744,6.778810456108033,-1.889248773188342,6.586724525718182
35.79400000000169,-0.7372901698894339,7.110407441353118,-0.8933787999259266,7.3619559287963625,0.26270983011056614,6.778119184998388,-1.8933787999259266,6.586019546439445
35.88000000000102,-0.7381578717947832,7.110635297882595,-0.8944184519406235,7.362188304003041,0.2618421282052168,6.7779451781601665,-1.8944184519406235,6.585842088830077
36.01599999999962,-0.7398288195215628,7.111074072836061,-0.8964205183899594,7.362635780628921,0.26017118047843724,6.777610099580102,-1.8964205183899594,6.585500365057669
36.06999999999971,-0.7406754555581756,7.1112963853192355,-0.8974349214821586,7.362862502067458,0.2593245444418244,6.7774403265551655,-1.8974349214821586,6.585327225052538
36.168000000001484,-0.74117485196291,7.111427516558194,-0.8980332755636482,7.3629962339683175,0.25882514803709,6.7773401857676845,-1.8980332755636482,6.58522509822177
36.272000000000844,-0.742955901328628,7.111895171963852,-0.9001672399332392,7.363473164367633,0.257044098671372,6.776983052098046,-1.9001672399332392,6.584860881532279
36.54200000000128,-0.7451291640203408,7.112465787484325,-0.9027711176652247,7.364055097334926,0.2548708359796592,6.776547291039321,-1.9027711176652247,6.58441647769655
36.796000000002095,-0.7483916314570251,7.113322335867849,-0.9066799823665406,7.3649286352134595,0.25160836854297486,6.775893172079634,-1.9066799823665406,6.5837493843960715
36.95000000000073,-0.7492839090737107,7.11355658937714,-0.9077490408426456,7.365167535295882,0.2507160909262893,6.775714280069963,-1.9077490408426456,6.583566943945186
37.030000000002474,-0.7510691542256609,7.1140252638869015,-0.9098879749128628,7.365645506523833,0.2489308457743391,6.775356368142752,-1.9098879749128628,6.583201932407633
37.13800000000265,-0.751809647367736,7.114219657767308,-0.9107751692442889,7.365843756536606,0.24819035263226397,6.775207915673263,-1.910775169244289,6.583050535131633
37.25,-0.7528335301791458,7.114488441801541,-0.912001892784474,7.366117872452492,0.24716646982085422,6.7750026537917165,-1.912001892784474,6.582841201460383
37.35599999999977,-0.7444881508423578,7.1143763159257105,-1.9035145447591049,7.365991342329494,-0.7444881508423578,6.775088280783336,-1.9035145447591049,6.582937828520926
37.46399999999994,-1.0286967462600387,6.958852139310409,-1.0695008922054967,7.207206324993024,-0.028696746260038708,6.893857184618241,-2.0695008922054967,6.704196933470882
37.70000000000073,-0.3963618181454649,7.193926733817591,-0.856053411738003,7.426481644936189,0.6036381818545351,6.478006568354488,-1.856053411738003,6.300411724413777
37.832000000002154,0.4817576636879721,6.74906149668152,0.4034862486964812,6.9630169172163505,1.4817576636879721,6.817736105708832,-0.5965137513035188,6.654345105547293
37.93600000000151,-1.0945136312469685,7.435587982348011,-1.9120044337879563,7.638003476084407,-0.09451363124696854,6.057125932351482,-1.9120044337879563,5.902547609974249
38.074000000000524,-0.5096860038519253,7.196488642668442,-1.1508379990760886,7.3952730328632015,-0.5096860038519253,6.239718549778729,-2.1508379990760886,6.087913186543574
38.18000000000029,-1.0690176238547338,7.190043898234535,-0.7028426696007273,7.388135953070673,-0.06901762385473376,6.244640197644401,-1.7028426696007273,6.093363549065884
38.29200000000128,-1.0727013422275604,7.190381422987343,-0.7067925102534218,7.388482563865125,-0.07270134222756042,6.244382440646291,-1.7067925102534218,6.093098853344543
38.38600000000224,-1.0742933545392361,7.190615593304642,-0.7085633227837889,7.38872168827703,-0.07429335453923613,6.244203612167723,-1.7085633227837889,6.092916241580326
38.512000000002445,-1.0737791413830564,7.1909666448561325,-0.7082995977665405,7.3890761036356025,-0.07377914138305641,6.2439355251804045,-1.7082995977665405,6.092645585759726
38.60599999999977,-0.43131962349002606,7.214789306064688,-1.0852178225379703,7.413677441202765,0.5686803765099739,6.225742910888812,-2.0852178225379703,6.07385832091569
38.72600000000239,-0.5581069709787698,7.593361852411647,-2.549800099023173,7.811157577272013,0.4418930290212302,5.936639008652037,-2.549800099023173,6.770315289314283
38.85000000000218,-1.6451056068940488,7.143440720098681,-2.049445054148805,7.371297617919822,-0.6451056068940488,6.516561143205024,-3.049445054148805,6.342554023704906
38.94599999999991,-0.6722337895186001,7.406627343332957,-0.2744641313777265,7.639447092043838,0.32776621048139987,6.31557382775452,-1.2744641313777265,7.137776735705472
39.0580000000009,0.19120000356872424,6.70376401345834,0.36549817254501704,6.942237070348256,1.1912000035687242,7.088659933284873,-0.634501827454983,6.906545588252527
39.184000000001106,-0.7255709205018093,7.391764044658657,-1.071623631382181,7.644118524252178,0.27442907949819073,6.56325602938756,-2.071623631382181,6.370540880068461
39.332000000002154,0.8204565019234451,7.792796935502395,-0.8277222255255765,8.05308995104474,0.8204565019234451,7.256999871124265,-0.8277222255255765,7.0582223125178984
39.44000000000233,4.921729274267705,8.371220522549265,4.008372420447017,7.603234468814264,4.921729274267705,6.815276038335412,2.0083724204470172,6.638094312175383
39.55199999999968,-39.3825774518873,7.371302814753335,-40.29143694116249,7.602159146157646,-39.3825774518873,6.8152131943770655,-41.29143694116249,6.638915502140605
39.62200000000303,5.454293241185496,7.381519334251379,3.9977906357677284,8.422322041499115,5.454293241185496,6.807411160968456,3.9977906357677284,6.776251421571203
39.76400000000285,-8.254308649296888,7.433408495264757,-8.724554323878579,7.442851485412916,-7.254308649296888,6.7677850468259635,-8.724554323878579,6.7605737333618094
39.86800000000221,-0.7622558026739625,7.470618382188718,-1.2513109957608322,7.456850639091954,0.23774419732603747,6.739369030885882,-2.251310995760832,6.7498830216458146
40.123999999999796,-0.6322104136071403,7.470879045212087,-1.1214167916955375,7.456887355267327,-0.6322104136071403,6.73916997076401,-2.1214167916955375,6.749854982661873
40.25,13.573854715929201,7.400315305901415,12.126592566121587,8.34319089125239,13.573854715929201,6.79305727080191,12.126592566121587,6.836681382870722
40.48800000000119,2.276215664822132,7.771027831158051,2.0403030890732907,7.576225465676941,2.276215664822132,7.273624248868714,0.04030308907329072,6.422388665541234
40.54200000000128,1.278924012604591,7.486891085005709,1.107758582528902,7.25299352514628,2.278924012604591,6.490610511803425,0.10775858252890202,6.669230694200394
40.64800000000105,-10.195510861022967,8.296434217353237,-11.400190385654128,7.023459180969667,-10.195510861022967,6.636056408969978,-11.400190385654128,6.844518826525757
40.75600000000122,4.369928913362571,7.301423044324281,2.773701296616707,7.9551648438167035,4.369928913362571,6.632246599307848,2.773701296616707,6.896673055780184
40.87800000000061,21.156387672392384,7.656028834557048,20.408647716833627,8.184959263169674,22.156387672392384,6.361445352093085,20.408647716833627,6.721186312253053
40.97600000000239,5.500579764800847,7.73348344213025,5.3191475270334365,7.2220490105065664,6.500579764800847,7.30229571350543,4.3191475270334365,6.692862043122773
41.22999999999956,2.969306930669447,7.680110212226339,2.871383315765911,7.089546303831185,3.969306930669447,6.343055164208124,1.871383315765911,6.794050177144754
41.37000000000262,-0.1615510843518564,7.294336236660683,-0.10827575537005885,7.704698454724507,0.8384489156481436,6.637658570592407,-2.108275755370059,6.087946329989904
41.4900000000016,-1.5217344237124024,7.5881654431456695,-1.8084113980887366,7.027562182001361,-0.5217344237124024,6.176938912024468,-2.8084113980887366,6.605053924503295
41.59200000000055,-0.4921613986902855,7.328881729360944,-1.5338741868174708,7.77900019347976,0.5078386013097145,6.3749456987419535,-2.533874186817471,5.794872868118546
41.684000000001106,1.1279970950109117,7.01775505033595,-0.5948753671116691,7.482445106853163,2.1279970950109117,6.612543321348255,0.4051246328883309,6.021342625630609
41.824000000000524,0.776535990948986,7.459220387968742,-0.42462180581540565,6.94619657536947,-0.22346400905101405,6.039078610246065,-1.4246218058154057,6.430858699938312
41.909999999999854,-0.7054999913727897,6.724045852393488,-1.2236556392544742,6.239626292907019,1.2945000086272103,5.600508193851169,-2.223655639254474,5.97044411846781
42.01599999999962,1.3937453576033363,7.293735646069251,1.2716843578775752,6.825548100369417,2.3937453576033363,5.929122513671928,0.27168435787757517,5.286662561799005
42.11000000000058,1.5064998904684614,6.981952543379407,0.6744818371901999,7.525641752697766,2.5064998904684614,6.167221426308117,0.6744818371901999,5.515691571572916
42.228000000002794,-0.8971395929033434,6.585554614853379,-1.3689253710395803,6.143579417552758,0.10286040709665656,5.469938010173678,-2.3689253710395803,5.80746051534328
42.33600000000297,-0.7742440367698435,6.587337936631343,-1.2489458562954212,6.145202154096694,0.22575596323015645,5.468576143630685,-2.248945856295421,5.806221282673903
42.4220000000023,-0.8271925420797999,6.593744603129437,-1.3061391682938108,6.1514957233059135,0.17280745792020014,5.4636835746823635,-2.306139168293811,5.8014150825546835
42.54200000000128,-0.5591772782151452,6.765636319783255,-0.1859888250852464,6.317808927323711,0.4408227217848548,6.332415297237731,-1.1859888250852464,5.67440693909839
42.658000000003085,-0.27047364870664126,7.041285005217901,-2.074117868319547,6.588986634860191,-1.2704736487066413,6.121911098308033,-4.074117868319547,5.46731708484225
42.76800000000003,-0.527389172597438,6.744319361302473,-0.9705941922463523,6.266090111355368,1.472610827402562,5.585025955125218,-1.9705941922463523,5.9502345357726085
42.86200000000099,-2.720937615881809,7.174499191791313,-2.5589706997460837,6.679907382367105,-1.7209376158818088,6.256511199213946,-3.5589706997460837,6.634215349973601
42.978000000002794,-2.08479865915119,6.768298296904675,-2.4711507902930805,7.250580126685122,-2.08479865915119,6.80304556867776,-3.4711507902930805,6.198410591085178
43.09200000000055,1.532114067700661,7.629004722832974,0.3441455066722625,7.076651971377714,1.532114067700661,6.145751243409734,0.3441455066722625,6.567565602104764
43.19000000000233,-0.22385846847484459,7.225908093395049,-0.9811228371159615,7.648132005807383,-0.22385846847484459,6.689914983350775,-2.9811228371159615,6.13114434124401
43.306000000000495,6.998435447694874,7.34830152712982,5.348958049528193,7.782087050781911,7.998435447694874,6.596446981927329,5.348958049528193,6.028847102312909
43.452000000001135,-7.227360810326246,7.64949885188588,-7.338521491853868,7.190650285701281,-5.227360810326246,6.130100524044735,-7.338521491853868,6.480508688344457
43.53200000000288,17.64712346780587,7.233557736920204,16.354461176660095,6.840888419124383,17.64712346780587,6.447741622422427,15.354461176660095,5.747610783984328
43.6140000000014,6.851764686536455,7.846735909462382,5.417963185835333,7.543569342386093,6.851764686536455,6.743145240216506,5.417963185835333,5.974663976625777
43.71600000000035,13.51643956522878,6.661559681976598,12.538852643007147,7.423472084973241,14.51643956522878,5.8845584791959595,12.538852643007147,6.066378460681733
43.824000000000524,-30.37920374246005,6.590232587112439,-30.868531383156096,7.513161772300236,-30.37920374246005,5.939028729771223,-31.868531383156096,5.99788527794351
43.94000000000233,9.96569297216422,6.692697288459954,9.435768222244633,6.6664146626497995,10.96569297216422,6.860779672128444,9.435768222244633,6.880850883725941
44.04400000000169,-0.43425921642051435,6.9761860707131405,-1.1856934175879132,7.006107372281235,-0.43425921642051435,6.644288238767558,-2.1856934175879132,6.621438285365514
44.16200000000026,-0.4474230121529672,6.994570848990975,-1.2118684434610714,7.024552069020444,-0.4474230121529672,6.630248363998078,-2.2118684434610714,6.607352652758607
44.22600000000239,-0.46992771698023716,6.994576302059215,-1.2344075171663462,7.024591589216925,-0.46992771698023716,6.630244199662002,-2.2344075171663462,6.607322472432145
44.34400000000096,-0.47921332336375144,6.994555950902964,-1.2436913371627725,7.024585245138098,-0.47921332336375144,6.630259741197563,-2.2436913371627725,6.607327317204863
44.44599999999991,-0.48000747455751025,6.994515731793797,-1.2444581409764623,7.024546140084908,-0.48000747455751025,6.630290455261502,-2.2444581409764623,6.607357180499491
44.55199999999968,-0.4819322570483564,6.994492891179334,-1.2463693924960353,7.024526162334553,-0.4819322570483564,6.630307897917703,-2.2463693924960353,6.607372436876744
44.677999999999884,-0.4816615378744018,6.994470147941115,-1.2460822321825162,7.024502959840618,-0.4816615378744018,6.630325266210718,-2.2460822321825162,6.607390155888936
44.81200000000172,-0.4819657548099485,6.994443846290778,-1.2463682731915924,7.024477061192613,-0.4819657548099485,6.63034535195078,-2.2463682731915924,6.60740993386878
44.918000000001484,-0.4818861872695379,6.994420809513883,-1.2462723164242107,7.024453853778937,-0.4818861872695379,6.630362944409967,-2.2462723164242107,6.607427656637924
45.03200000000288,-0.4817063833119164,6.994382772787162,-1.2460653860034654,7.024415462027093,-0.4817063833119164,6.6303919918574366,-2.2460653860034654,6.607456975206844
45.12000000000262,-0.48162940383156183,6.994366827219324,-1.2459770325274349,7.024399365202157,-0.48162940383156183,6.630404168984171,-2.245977032527435,6.607469267843896
45.20800000000236,-0.4814662537468166,6.994333100639835,-1.245789824780104,7.024365318198647,-0.4814662537468166,6.630429924908185,-2.245789824780104,6.607495268465584
45.314000000002125,-0.4814186916576091,6.99432327417253,-1.2457352532915138,7.024355398332602,-0.4814186916576091,6.630437429071037,-2.245735253291514,6.60750284395408
45.390000000003056,-0.48132136727758734,6.994303168464228,-1.2456235871296713,7.02433510151053,-0.48132136727758734,6.630452783165822,-2.2456235871296713,6.6075183439963325
45.51000000000204,-0.328036380191179,7.114974647786255,-1.1747811859626154,7.141990477250317,-0.328036380191179,6.538299783965726,-2.1747811859626154,6.517668647884591
45.70800000000236,-0.7905096405751237,6.861310417103823,-1.1773653330636762,6.903278816666216,0.20949035942487626,6.968346718507917,-2.177365333063676,6.93629677669054
45.81000000000131,-0.8036303716711473,7.625304749453392,-0.7308659797234895,7.6694751195745425,0.19636962832885274,6.38490836593769,-1.7308659797234895,6.3511768487200015
45.93600000000151,0.00023741149436773412,8.067434202393997,-2.240075145688479,8.113230829924362,0.00023741149436773412,7.0472680606056315,-2.240075145688479,7.012294621944875
46.16600000000108,-0.5802222425521677,7.5429359902047395,-0.8654232255661327,7.594312663573703,0.4197777574478323,7.920473926351519,-1.8654232255661327,7.881239182844013
46.26800000000003,-0.5724019970134577,7.991757623073909,-0.17513867817217488,8.044573821825225,0.42759800298654227,7.577723014477897,-1.1751386781721749,7.5373889508812795
46.34200000000055,-0.12560799398443123,9.126877857709474,-1.5326773067400836,8.184577351170958,-0.12560799398443123,7.710867526652237,-1.5326773067400836,7.666804245049377
46.582000000002154,-0.789990818003389,9.134223861150645,-1.6192597165552343,9.200597885244804,0.210009181996611,8.177920755064804,-2.6192597165552343,8.127233008269855
46.66400000000067,-0.9350370703020872,8.45818399591218,-0.9939722059071983,8.526117798943403,1.0649629296979128,7.930522627460277,-2.9939722059071983,7.878643726732889
46.93000000000029,-0.6800325598823065,9.706687663459718,-1.3328343427637037,9.785489970177991,0.3199674401176935,8.213411361061674,-2.3328343427637037,8.153232527183263
47.150000000001455,-0.30619940328665507,9.33639194207143,-0.1149435967060981,9.423982282237546,-0.30619940328665507,9.968857652703889,-1.114943596706098,9.90196767511668
47.25800000000163,-0.6451325229088525,9.837177063074876,-1.5180819166293986,9.932759851484548,0.3548674770911475,9.822755435076886,-1.5180819166293986,9.749761877085007
47.38800000000265,-0.030351213788776477,10.652197074754326,-0.4819662078688225,9.7528920767204,-0.030351213788776477,10.200350382065949,-1.4819662078688225,10.123452787971928
47.512000000002445,-5.689623886157278,10.002507485797537,-6.180304895895688,10.175442844693407,-4.689623886157278,10.169160949999423,-7.180304895895688,10.037095675921933
47.572000000000116,12.431457036339566,10.753390375220306,9.997668179437824,11.128842027706412,11.431457036339566,10.595735392468441,9.997668179437824,10.309014818347634
47.640000000003056,15.025767480758645,10.27554732370885,14.828999472801684,10.783437806642667,15.025767480758645,10.19698061522763,13.828999472801684,10.809120687343409
47.74600000000282,-0.17989672481132857,11.650414627868713,-0.9292578277406847,11.240101015706387,0.8201032751886714,9.910706289475968,-1.9292578277406847,10.460381411285937
47.86000000000058,3.849565381988782,10.758070465637331,2.8183568437075337,11.398680862195988,4.849565381988782,10.828492924830755,2.8183568437075337,10.339278988834508
47.98400000000038,9.527321389316967,10.786719633096766,8.31374913876607,10.380661848620434,9.527321389316967,10.570282890421652,7.31374913876607,11.116707970983043
48.10599999999977,2.5127383739071547,10.666466487063587,2.286736278979447,10.104728414800661,2.5127383739071547,10.18945328236589,0.286736278979447,9.854766483935236
48.21800000000076,-1.5273787214259755,9.992980224750681,-2.215822926569558,10.405524322120243,-1.5273787214259755,9.703773479158656,-3.215822926569558,9.38872657587649
48.32600000000093,-5.3034765652207625,10.285496271954457,-6.457144417244308,10.679800361245952,-4.3034765652207625,9.24405663887785,-7.457144417244308,8.942939053933799
48.42400000000271,-6.628752783717005,10.279297197623407,-7.985350351787702,10.637227575853785,-5.628752783717005,8.012459106576841,-8.985350351787702,8.739118976464397
48.55000000000291,-0.3874731491565626,9.463330992586918,-1.3049640889465763,9.754930467747897,1.6125268508434374,8.399255167918625,-1.3049640889465763,9.176569854435968
48.64600000000064,1.8169787851213641,8.886653627212581,1.182354538447271,9.106200340376404,2.816978785121364,8.60331389667897,1.182354538447271,8.43565300285195
48.762000000002445,-5.745447347789195,9.356906499876857,-7.934119762179762,8.543915246696145,-6.745447347789195,8.00786505388595,-7.934119762179762,7.8650523777434955
48.854000000003,-8.033757271770583,8.238362382163416,-9.27115642682054,9.33508962592623,-7.0337572717705825,7.862061884520699,-9.27115642682054,7.788194342105726
48.94800000000032,-12.168016721070444,9.555656035323352,-12.861479675098394,8.59684811644189,-12.168016721070444,7.3834231687918646,-13.861479675098394,7.351966076861856
49.19000000000233,-13.546317707820378,8.210910494061181,-13.409646105733714,8.035195019313392,-12.546317707820378,7.4103628854875865,-14.409646105733714,7.544551246273841
49.29400000000169,-29.56993163491734,8.032094280855802,-30.436683153901015,8.804168015898256,-28.56993163491734,7.546919182344652,-31.436683153901015,6.720979275336845
49.39400000000023,6.501376552222837,8.837031142784156,5.115627603354653,7.452333828862095,6.501376552222837,7.695882742812046,5.115627603354653,6.9896639366889985
49.51599999999962,-4.655875430844873,7.78962458184526,-4.374166857983482,8.346140323246175,-3.6558754308448727,7.732085636791851,-5.374166857983482,7.070760564434579
49.640000000003056,-0.41228843061668385,7.846649124562873,-1.4550548110343016,7.421229907436214,-0.41228843061668385,7.4522062240992,-1.4550548110343016,6.777085449876722
49.74200000000201,1.1339472871398186,7.473669708726561,0.3783726888508454,8.058132374666798,2.1339472871398186,6.737038829138214,-0.6216273111491546,7.054371572785328
49.866000000001804,-2.837502514386813,7.350748734392937,-3.6763589088727144,6.971787019552266,-2.837502514386813,6.594578126997931,-3.6763589088727144,6.88397922492743
49.98199999999997,-2.766020134396456,7.4267506393754275,-2.788256820456354,7.086622128463773,-2.766020134396456,6.300206301852597,-3.788256820456354,6.559951707892651
50.116000000001804,-2.651666747073648,6.5623485331514075,-2.997252946542744,6.245009002024574,-1.651666747073648,6.960322901491054,-3.997252946542744,6.202665083109935
50.19400000000314,-1.042293717632674,7.203496331685187,-1.108306198308867,6.89525859575906,-0.04229371763267409,6.234366998906978,-2.108306198308867,6.469758426871806
50.29400000000169,-0.5573842288529818,6.663052237311263,-1.2039804658921298,6.368101668870736,0.4426157711470182,5.647087092141476,-1.2039804658921298,5.872331529768871
50.409999999999854,-0.016963547636805743,7.137980743940716,-1.2567794346447272,6.855637864951802,-0.016963547636805743,6.048067615297384,-2.256779434644727,6.263683958511194
50.51599999999962,0.8245861786268733,7.5905754382831105,-0.9881316067979355,7.321647112387154,0.8245861786268733,5.4661037658260625,-0.9881316067979355,5.671475838335709
50.63400000000183,-10.65778749245652,6.634756903672269,-10.657903297001212,6.399650382941502,-9.65778749245652,6.1960322058375255,-11.657903297001212,6.375575633485596
50.76400000000285,-8.254846679090747,6.747767041579095,-9.410858818051395,5.561962722344788,-8.254846679090747,5.873398361545412,-9.410858818051395,6.01529125436457
50.89400000000023,-15.930007916325906,5.792845632496778,-16.21122703682056,5.662183703596611,-14.930007916325906,5.602641695112595,-16.21122703682056,5.702424085260361
51.00800000000163,-11.04490219047409,6.180669065923837,-12.755525102447052,6.102594630668648,-11.04490219047409,5.070141612795396,-12.755525102447052,5.129764594215942
51.13800000000265,3.9925482146031754,5.700146399107268,3.6842108560062456,5.671380840291533,4.992548214603175,5.4371016035035495,2.6842108560062456,5.45906895265216
51.25600000000122,15.243771018693678,5.28821010134692,14.211163274478395,6.312155003879639,16.24377101869368,4.751684349412301,14.211163274478395,4.733398383280587
51.34200000000055,5.881263517616276,5.987251181795557,5.004689731332292,6.043507343942224,5.881263517616276,4.981517175101374,4.004689731332292,4.938556120058138
51.4320000000007,-0.690641356781839,5.734919152937607,-1.4035710002942778,5.79648038271381,0.309358643218161,4.174215179502653,-2.403571000294278,5.127202811790028
51.580000000001746,-1.2638081576290006,5.513161916762499,-0.8182366936384824,5.573311181018369,-0.26380815762900056,4.343564179967927,-1.8182366936384824,4.297630085747926
51.658000000003085,-0.20632111152167454,5.493870984799514,-0.7469139849816884,5.553879113620212,-0.20632111152167454,4.358296055699839,-1.7469139849816884,4.31246974215594
51.76800000000003,-0.44196765847107145,5.624785127240898,-1.0760858277141097,5.685607220841234,-0.44196765847107145,5.258321058032948,-2.0760858277141097,5.211873145283505
51.86000000000058,-3.3016633885370084,5.884911447152035,-3.117715929282326,5.9458030762551175,-2.3016633885370084,5.05967079961755,-4.117715929282326,5.013169784799857
52.00600000000122,8.963577858681106,5.45518370310856,7.804939738067333,6.485857090173056,9.963577858681106,4.624171881047516,7.804939738067333,4.600747583695011
52.13000000000102,11.675784994583353,5.892726907062411,11.235655443107191,5.873399695025341,11.675784994583353,5.290033949280371,10.235655443107191,5.304793530959444
52.22200000000157,-14.23388766789202,5.270581953742976,-14.974074040088908,5.2113254549867065,-14.23388766789202,5.0014779788875785,-14.974074040088908,5.046730296279918
52.314000000002125,-39.219227679398784,5.871714097359302,-38.502234240020584,5.756837283438756,-38.219227679398784,5.542412338348186,-39.502234240020584,5.630140134516807
52.43000000000029,-4.132767138024803,6.145456389674109,-4.751671876582293,5.921896659965967,-4.132767138024803,5.569695561324636,-5.751671876582293,5.740421069197055
52.52000000000044,-6.149425142214454,6.450981099406363,-7.230385076702078,7.133477477790791,-5.149425142214454,5.572707555479724,-7.230385076702078,5.815175047824653
52.64400000000023,-3.410137396689805,7.830775455150558,-4.147545363250657,6.41604027107644,-3.410137396689805,6.519002165643428,-5.147545363250657,5.8357223326699454
52.75800000000163,4.903175558203401,7.887753916807014,3.5094008303244237,7.327443876032817,4.903175558203401,6.9481526525970025,2.5094008303244237,6.376043741936087
52.86200000000099,-27.681268433684522,7.0444535762806595,-27.632380362841744,7.402755379343773,-26.681268433684522,8.064817639277692,-27.632380362841744,7.554862294081431
55.244000000002416,26.981826404298896,9.37008154267022,25.44076196239987,9.461993942405968,27.981826404298896,7.2341352593011266,24.44076196239987,7.92761309160187
55.358000000000175,-44.50150526426597,8.118628815112345,-43.7141593934648,7.574182562764122,-42.50150526426597,7.717167060064071,-43.7141593934648,8.132943474996694
55.49200000000201,-20.327819822467802,7.718952411176019,-21.269427074215344,8.410019203843035,-19.327819822467802,7.7860557424352805,-21.269427074215344,7.0219782799576365
55.60599999999977,38.28769637792561,8.240015408614966,38.10699755264966,8.070517896727551,39.28769637792561,7.151804811410443,37.10699755264966,7.281244710259159
55.744000000002416,-12.130440046704848,8.26203345768937,-15.327491925566278,8.38344964449908,-13.130440046704848,7.134990322434703,-14.327491925566278,7.042268613636509
55.824000000000524,24.587992187976965,7.604987042339644,24.89641051606725,7.821330817066041,25.587992187976965,7.8730874967670275,23.89641051606725,7.707872585909001
55.94599999999991,10.16642044841683,8.123881965125634,8.71900454441959,8.441092136080613,10.16642044841683,7.476823825574229,8.71900454441959,7.234580432234736
56.08600000000297,-0.39502623592511554,8.372359636843953,-2.208261209131365,8.730441281019694,-0.39502623592511554,7.287069272039787,-2.208261209131365,8.013613624900358
56.184000000001106,-0.3767896317897339,8.372078115632235,-2.1896458680975,8.730122232522888,-0.3767896317897339,7.287284260901629,-2.1896458680975,8.013857272165012
56.25,-0.378787240799511,8.372030995044327,-2.1916275820809688,8.730077800473794,-0.378787240799511,7.287320245406988,-2.1916275820809688,8.013891203518256
56.37000000000262,-0.38681122359434994,8.372015944057239,-2.199715954856856,8.730076726880498,-0.38681122359434994,7.2873317393707,-2.199715954856856,8.013892023387598
56.512000000002445,-0.3927332607814833,8.372016250503577,-2.2056939180621384,8.730087557403635,-0.3927332607814833,7.287331505347254,-2.2056939180621384,8.013883752458923
56.64600000000064,-0.4028319304618435,8.372021361181964,-2.215891337243079,8.73011069806546,-0.4028319304618435,7.287327602483572,-2.215891337243079,8.013866080665991
56.77400000000125,-0.40639339319136525,8.371993395221693,-2.2194657156831,8.730088547537605,-0.40639339319136525,7.287348959204621,-2.2194657156831,8.01388299632481
56.86000000000058,-0.4071285039517534,8.371976777364864,-2.220195509569976,8.730072932151415,-0.4071285039517534,7.2873616497372495,-2.220195509569976,8.013894921302267
56.98400000000038,-0.4073485744995651,8.371957192285493,-2.220403234571677,8.730053380625634,-0.4073485744995651,7.287376606243981,-2.220403234571677,8.01390985218535
57.09200000000055,-0.4089029569501008,8.371963958451829,-2.2219772184108706,8.730063031023349,-0.4089029569501008,7.287371439136507,-2.2219772184108706,8.013902482481228
57.33600000000297,-0.40692049949257125,8.371945266821285,-2.219962355193161,8.730040477269824,-0.40692049949257125,7.287385713344634,-2.219962355193161,8.013919706070794
57.46399999999994,0.6805176031632527,8.363813240784623,-1.116337708714127,8.719828632479278,0.6805176031632527,7.293595884903368,-1.116337708714127,8.021718169552855
57.58600000000297,-1.4918480654054065,8.329244014501626,-3.2186425821801095,8.676052951728366,-1.4918480654054065,7.319995311676905,-3.2186425821801095,8.055148274958697
57.684000000001106,-0.7329566848984541,8.339730294637377,-1.4605278546080172,7.685372711186119,0.2670433151015459,7.3119872705855755,-2.460527854608017,7.048031068882494
57.806000000000495,-0.6610236663068463,8.339029632491872,-1.3874252006072538,7.6845314786564245,0.3389763336931537,7.312522344146373,-2.387425200607254,7.048673491608042
57.908000000003085,-0.6612608563798403,8.33904134057849,-1.3876731476069608,7.684543816007363,0.33873914362015967,7.312513403050332,-2.387673147606961,7.048664069962683
58.030000000002474,-0.6633250089371359,8.339084307665757,-1.3897876466214711,7.684591220025823,0.33667499106286414,7.312480590442192,-2.389787646621471,7.048627869010318
58.14800000000105,-0.668273375774902,8.339170475190258,-1.3948443462015803,7.684687727216499,0.331726624225098,7.312414787024011,-2.3948443462015803,7.048554169515398
58.27600000000166,-0.667114887885873,8.339182182773982,-1.393683905406192,7.684697576444819,0.33288511211412697,7.312405846311947,-2.393683905406192,7.0485466479706815
58.35599999999977,-0.6621788346975563,8.339230103806187,-1.3887380910045977,7.684737544790664,0.33782116530244366,7.312369250532527,-2.3887380910045977,7.048516125406707
58.46200000000317,-0.6622447075958462,8.339261772028067,-1.3888278172348691,7.684769888984988,0.3377552924041538,7.312345066511227,-2.388827817234869,7.048491425166674
58.55199999999968,-0.6609800438542379,8.339302571188,-1.3875815954804693,7.684809153630738,0.3390199561457621,7.312313909480679,-2.3875815954804693,7.048461439996288
58.67000000000189,-0.6610230311393934,8.339389927830553,-1.3876891188153877,7.68489812767757,0.3389769688606066,7.312247197970748,-2.3876891188153877,7.048393493325534
58.778000000002066,-0.6614603523379401,8.33948846954138,-1.388202779960011,7.6849991869431165,0.3385396476620599,7.312171944777049,-2.388202779960011,7.048316317554907
58.908000000003085,-0.6618044778551848,8.339559994580497,-1.388602558873572,7.685072586914259,0.3381955221448152,7.312117323362656,-2.388602558873572,7.048260264314081
59.00200000000041,-0.6622470009343715,8.33965132863733,-1.3891161768583515,7.685166320689234,0.3377529990656285,7.312047574426913,-2.3891161768583515,7.048188682789316
59.10599999999977,-0.6625939257033906,8.339722871475033,-1.3895187936282127,7.685239743777515,0.3374060742966094,7.31199293942035,-2.3895187936282127,7.048132611894744
59.23800000000119,-0.6630662950026363,8.339820284009306,-1.390066993013761,7.685339716462124,0.33693370499736375,7.311918548543133,-2.390066993013761,7.048056265911612
59.31200000000172,-0.6634131249322763,8.339891815413694,-1.3904695057316303,7.6854131277621605,0.33658687506772367,7.3118639222678325,-2.3904695057316303,7.048000204019388
59.418000000001484,-0.663796780605594,8.339970950597149,-1.3909147629047993,7.685494342606319,0.336203219394406,7.31180348922652,-2.3909147629047993,7.047938182806718
59.53399999999965,-0.6643654070694538,8.340088125816578,-1.3915746075585957,7.6856145981661825,0.3356345929305462,7.311714006210536,-2.3915746075585957,7.047846347432142
59.64800000000105,-0.6645205181631582,8.340120080628992,-1.3917545951164811,7.685647393093518,0.33547948183684184,7.311689603329228,-2.391754595116481,7.047821302981504
59.89800000000105,-1.326076461938328,8.260674380977377,-2.019312049781206,8.609522793317296,-0.32607646193832807,7.372359776078952,-2.019312049781206,7.105955256602499
60.1720000000023,-0.8364843119370562,7.574766178667915,-0.9767984054057024,7.9020777698656275,1.1635156880629438,6.896166216290567,-1.9767984054057024,7.646208687210162
60.28200000000288,-0.20786782610753107,8.398063082708518,-2.213119071310757,7.721302224667795,-1.207867826107531,7.03110879221731,-3.213119071310757,6.7842612640544075
60.42000000000189,-0.603863066297663,7.794964868473301,-1.1448755686409413,8.10379586325945,0.39613693370233705,7.491675858820145,-1.1448755686409413,7.255831377792958
60.49200000000201,-1.020978457053502,8.651895410761938,-2.443950505617863,7.955782790885905,-0.020978457053502098,6.6009334870195175,-2.443950505617863,7.368864288441557
60.582000000002154,-0.7446824037990609,7.530267258029539,-1.0597999194036447,7.828462329939214,-0.7446824037990609,6.693817067501243,-2.0597999194036447,7.466094905002251
60.677999999999884,-0.4745724627046002,7.495581369200693,-0.7621072263962105,7.792782172870602,-0.4745724627046002,6.720305585777908,-1.7621072263962105,7.493342714545008
60.78200000000288,-0.4320979041308419,7.480126139320646,-0.7079840456675583,7.777011929192952,-0.4320979041308419,6.732108256920924,-1.7079840456675583,7.5053859517802834
60.91200000000026,0.28871644658784135,8.45329132083009,0.03835026844512868,7.748573784512644,0.28871644658784135,6.7526011606359475,-0.9616497315548713,7.527103265089977
61.01599999999962,-0.8373290534266289,7.454258343575077,-1.089432303488934,7.74976201938631,0.1626709465733711,6.751862675894131,-2.089432303488934,7.52619584762914
61.132000000001426,-0.8904341089466925,7.454339639266266,-1.1430310361325837,7.749931355556328,0.1095658910533075,6.751800592941265,-2.1430310361325837,7.526066530941989
61.236000000000786,-0.8938080019730705,7.454215151533447,-1.1463415226334064,7.749810409498821,0.10619199802692947,6.751895660292803,-2.1463415226334064,7.526158893627837
61.36000000000058,-0.8961002292089688,7.4540143790412685,-1.1485057335879674,7.749610204457326,0.10389977079103119,6.752048983906661,-2.1485057335879674,7.526311783897654
61.48800000000119,-0.89585285196938,7.453827293897007,-1.1481195753253814,7.749419754706878,0.10414714803061997,6.752191854925229,-2.1481195753253814,7.52645722435966
61.598000000001775,-0.1394051744899798,8.454774368779908,-1.394357369890713,7.750779658789554,-0.1394051744899798,6.75146860373593,-2.394357369890713,6.525418708543441
61.70600000000195,-0.6053421883359533,7.443802271793118,-0.8643183617456316,7.742025543166619,-0.6053421883359533,6.759847647819413,-2.8643183617456316,6.532103950280089
61.81200000000172,-0.8594299729481918,7.3905358377225525,-1.0569936488618623,7.683439523446225,0.1405700270518082,6.800525541915476,-3.0569936488618623,6.576844243999574
62.080000000001746,-0.9442958120914682,7.390469881444062,-1.1425005494245397,7.683510807868174,0.05570418790853182,6.800575910643261,-2.1425005494245397,7.57678980633699
62.20600000000195,-0.9481435843634927,7.390106160164919,-1.1461137922070748,7.683147639712331,0.051856415636507336,6.800853673101585,-2.1461137922070748,7.577067146392551
62.322000000000116,-0.9519570052741528,7.389954063497385,-1.1498470481403729,7.68299936583054,0.048042994725847166,6.800969824524941,-2.149847048140373,7.5771803784750205
62.44400000000314,-0.4776190736128001,7.385540955671331,-0.6684360785861827,7.677744137458433,0.5223809263871999,6.80433997565126,-1.6684360785861827,7.58119363047706
62.53399999999965,-4.62283983194277,7.233732269412428,-4.565361793094667,7.494522609940532,-3.6228398319427697,6.920271476797836,-5.565361793094667,6.721114126800273
62.6820000000007,-0.3166413685517,8.138318966478494,-2.1100008081773467,8.379300484944508,-0.3166413685517,6.993135604082511,-2.1100008081773467,6.8091056261358744
62.778000000002066,-0.3829231268749709,7.13853780744904,-1.1768934381589133,7.379630802547638,-0.3829231268749709,6.992968482142146,-2.1768934381589133,6.808853373010322
62.8640000000014,-0.3916019125259709,7.138396161135631,-1.185528920590741,7.379501520558279,-0.3916019125259709,6.993076652959871,-2.185528920590741,6.808952101584225
63.00800000000163,-0.3947737451296689,7.138188568531461,-1.1885721050693974,7.379296404309287,-0.3947737451296689,6.993235184878074,-2.1885721050693974,6.809108742388105
63.06999999999971,-0.39869007514914756,7.138124767682484,-1.1924689806417064,7.379238184259691,-0.39869007514914756,6.993283907572334,-2.1924689806417064,6.809153203201959
63.15200000000186,-0.4043450641026993,7.137966109648858,-1.1980477071771247,7.379086712454637,-0.4043450641026993,6.993405069703726,-2.1980477071771247,6.80926887743766
63.2980000000025,-0.4111053807303051,7.1377163969924595,-1.2046733828234437,7.378844803381639,-0.4111053807303051,6.993595767376178,-2.2046733828234437,6.809453615759594
63.37800000000061,-0.4119158832463654,7.137695495073501,-1.20547428587156,7.37882495547268,-0.4119158832463654,6.99361172951177,-2.20547428587156,6.809468772981177
63.5,-0.41010398842081486,7.137468351003292,-1.2034855582361388,7.3785918652944815,-0.41010398842081486,6.993785192267296,-2.203485558236139,6.809646776591649
63.62000000000262,-0.4099236273327733,7.13735242271332,-1.2032200292159132,7.378474121935767,-0.4099236273327733,6.9938737230425545,-2.203220029215913,6.809736693477589
63.754000000000815,-0.4077292085297586,7.137153238310873,-1.2008664099631687,7.378268731282731,-0.4077292085297586,6.994025833882517,-2.2008664099631687,6.809893543835187
63.85000000000218,-0.40730988304210314,7.1370704773410125,-1.2003842993623266,7.378184198496342,-0.40730988304210314,6.9940890358223555,-2.2003842993623266,6.809958098855475
63.90200000000186,-0.40645203049462,7.136955694016194,-1.1994374821587144,7.378066505145966,-0.40645203049462,6.994176692224016,-2.1994374821587144,6.810047977551733
64.01599999999962,-0.4059565903960447,7.136880537163336,-1.1988842429714168,7.377989551459677,-0.4059565903960447,6.994234087139773,-2.198884242971417,6.810106744652501
64.10800000000017,-0.4055598510838081,7.136794528080088,-1.1984225210999284,7.377901765022159,-0.4055598510838081,6.994299769561451,-2.1984225210999284,6.810173784383494
64.25,-0.4048312889393628,7.136623029447264,-1.197564813298527,7.377726824874571,-0.4048312889393628,6.994430737653204,-2.197564813298527,6.810307380651352
64.45000000000073,-0.40406237430750025,7.136439763043256,-1.196657957290995,7.377539896637188,-0.40406237430750025,6.994570692420268,-2.196657957290995,6.810450131844902
64.56000000000131,-0.40361167341109194,7.136332259344044,-1.1961263426485402,7.37743024549269,-0.40361167341109194,6.994652789601446,-2.1961263426485402,6.810533868962352
64.66800000000148,-0.40316126888876624,7.136224803204755,-1.1955950608704597,7.377320643029577,-0.40316126888876624,6.994734850462578,-2.1955950608704597,6.81061756890324
64.77400000000125,-0.4028611583152042,7.136153192166319,-1.1952410523360868,7.377247601722047,-0.4028611583152042,6.994789537552094,-2.195241052336087,6.810673348244052
64.91400000000067,-0.4022779720356766,7.136014008899622,-1.194553110723973,7.377105638777607,-0.4022779720356766,6.994895827418759,-2.194553110723973,6.810781760862881
65.03000000000247,-0.4016203780397518,7.135857026490612,-1.1937773662293694,7.37694552152459,-0.4016203780397518,6.99501570992868,-2.1937773662293694,6.810904037354192
65.13800000000265,-0.4012627024109179,7.135771623087749,-1.1933554135366649,7.376858412803642,-0.4012627024109179,6.995080929811252,-2.193355413536665,6.810970559534383
65.27200000000084,-0.40059773780751584,7.135612813167427,-1.1925709250355112,7.376696432053507,-0.40059773780751584,6.995202207933801,-2.192570925035511,6.8110942591196135
65.39199999999983,-0.3999499959915056,7.135458073858786,-1.1918067242399957,7.3765386035083225,-0.3999499959915056,6.995320377458711,-2.1918067242399957,6.811214787796985
65.51200000000244,-0.3997591079571521,7.135412464519845,-1.1915815102174747,7.376492083678215,-0.3997591079571521,6.995355207871114,-2.1915815102174747,6.811250313522635
65.64400000000023,-0.399054097409703,7.135243983032126,-1.1907496999788236,7.376320239060988,-0.399054097409703,6.9954838718642804,-2.1907496999788236,6.8113815458316935
65.72999999999956,-0.3988551624138381,7.135196433094791,-1.1905149790237601,7.376271740026709,-0.3988551624138381,6.995520184250324,-2.19051497902376,6.811418583013051
65.82800000000134,-0.3982338501760978,7.135047900016332,-1.1897818819443273,7.376120242417755,-0.3982338501760978,6.995633614273288,-2.1897818819443273,6.811534276954319
66.18800000000192,-0.3967614476802055,7.13469574832601,-1.188044457460137,7.375761063380594,-0.3967614476802055,6.995902541401847,-2.188044457460137,6.811808570645837
66.42799999999988,-0.39585306619801486,7.134478384556701,-1.1869724958062307,7.375539362824782,-0.39585306619801486,6.996068535250345,-2.1869724958062307,6.811977876361368
66.53600000000006,-0.3953498304349523,7.134357931441798,-1.186378612417684,7.3754165067243775,-0.3953498304349523,6.996160521491561,-2.186378612417684,6.812071697686633
66.64600000000064,-0.39500354867868737,7.1342750317529635,-1.1859699445053593,7.375331953333557,-0.39500354867868737,6.996223829366727,-2.1859699445053593,6.812136268441975
66.77400000000125,-0.3944267226103193,7.1341369289042404,-1.1852891895002813,7.375191095668924,-0.3944267226103193,6.996329294152417,-2.1852891895002813,6.812243836993616
66.8760000000002,-0.3939405066068957,7.134020586553277,-1.184715418502151,7.375072432130196,-0.3939405066068957,6.996418141132949,-2.184715418502151,6.812334456591941
67.00200000000041,-0.9696624927779567,7.153563279884509,-1.7581513716552308,7.390893142965524,0.030337507222043314,6.981494003192267,-1.7581513716552308,6.80025267918154
67.14000000000306,-0.8533870295983661,7.1569085729641415,-1.6435142124240656,8.394090638986313,0.1466129704016339,6.978939308477038,-1.6435142124240656,6.7978108524143295
67.25200000000041,-0.8637281769114225,7.1568865876598124,-1.6539089906443678,8.394085355152697,0.13627182308857755,6.978956097960008,-1.6539089906443678,6.797814887511208
67.354000000003,-0.8644838063638645,7.156799292961637,-1.654606542321062,8.393998175598199,0.13551619363613554,6.979022762165016,-1.654606542321062,6.797881463784734
67.49200000000201,-0.8602801187894329,7.1565684870435575,-1.6502075955733062,8.393757488393987,0.1397198812105671,6.979199021358227,-1.6502075955733062,6.798065269004212
67.60599999999977,-0.8589152118477159,7.156467075077728,-1.648760137524846,8.393652526669143,0.1410847881522841,6.979276466474971,-1.648760137524846,6.798145424959841
67.71800000000076,-0.8567217221280998,7.156278918005967,-1.646415764001972,8.393458340189966,0.14327827787190017,6.979420156090669,-1.646415764001972,6.79829371904367
67.85800000000017,-0.8561222835314766,7.156142618415174,-1.645713680072049,8.393319298169558,0.14387771646852343,6.979524243785249,-1.645713680072049,6.7983999010451726
67.94800000000032,-0.8558871706467244,7.156086105255781,-1.6454360982239677,8.393261669993478,0.14411282935327563,6.979567401101008,-1.6454360982239677,6.79844390986392
68.07400000000052,-0.8551685153969402,7.155912431306774,-1.6445869552496788,8.39308457582132,0.14483148460305983,6.979700030412971,-1.6445869552496788,6.798579151092326
68.3640000000014,-0.9394858408394384,7.361992455002394,-1.1087463527105683,7.652950723972879,0.060514159160561576,6.822323222193859,-3.1087463527105683,6.600127577636158
68.46399999999994,-1.0045108462043117,7.362361321388278,-1.1745659707916047,7.653431214899797,-0.004510846204311747,6.822041530579952,-3.1745659707916047,6.599760641884245
68.73400000000038,-24.076350443711362,8.052290440885827,-24.739937071536815,7.275394034889814,-23.076350443711362,7.0588328731859065,-24.739937071536815,6.888455701750786
68.83000000000175,-0.5886124123463787,7.877838624156652,-1.9526892108411857,8.048899529013738,-0.5886124123463787,7.192056218236701,-1.9526892108411857,7.06142240553271
68.95800000000236,-0.636317451567038,7.877948389925791,-2.0007135391642805,8.049088964003545,0.363682548432962,7.191972393584081,-2.0007135391642805,7.0612777400114055
69.10200000000259,-17.24660608328088,8.095931403303723,-20.05751880601349,8.34766589472548,-18.24660608328088,7.025505647917896,-20.05751880601349,6.833263963992692
69.22999999999956,-0.8901567850684842,7.241922312178076,-0.9874832600124819,7.534162570544595,0.10984321493151583,6.914016999694752,-1.9874832600124819,6.690842340307199
69.33799999999974,-0.8829312871341699,7.2417481927504355,-0.9800717738515914,7.533974038131419,0.1170687128658301,6.914149969204573,-1.9800717738515914,6.690986316559247
69.40999999999985,-8.394733135575393,8.237026684972022,-9.484460660235754,7.528389533105155,-8.394733135575393,6.9177556356386845,-10.484460660235754,6.69525102674686
69.54200000000128,-2.5403720309402615,7.7296687324776485,-2.8184700015360704,7.905779945906033,-1.5403720309402615,7.305208886837988,-3.8184700015360704,7.170718312914744
69.65800000000309,6.586422484653667,7.515095970980951,5.754074302702406,7.540243833132877,6.586422484653667,6.469071330802933,4.754074302702406,6.449866702387112
69.78600000000006,-0.622169253810398,7.509866803883426,-1.4475287253014812,7.530422889149293,0.377830746189602,6.4730646806322625,-1.4475287253014812,6.457366647263484
69.89400000000023,-0.6475525956259389,7.509861233387312,-1.472936571334003,7.53045897123377,0.3524474043740611,6.473068934644289,-1.472936571334003,6.45733909251453
69.97000000000116,-0.6471643941243315,7.509871700986309,-1.4725553283201407,7.530468819083524,0.35283560587566853,6.4730609408692885,-1.4725553283201407,6.4573315720226105
70.18000000000029,-0.6353631285362553,7.509945695237207,-1.46079310227924,7.530523566812917,0.3646368714637447,6.473004433795836,-1.46079310227924,6.457289762910079
70.27000000000044,9.725778804503761,7.504403534564972,9.901157282624354,7.529302371129745,10.725778804503761,6.477236806937128,8.901157282624354,6.458222351500524
70.36200000000099,-0.873187356213748,8.46907097460786,-1.6992412700705017,7.521093295584137,-0.873187356213748,6.504219167539304,-2.6992412700705017,6.464491363337004
70.4900000000016,-0.2723740073325871,8.464637925334273,-1.0941281075670304,7.515661727860959,-0.2723740073325871,6.507604547319602,-2.0941281075670304,6.468639280134369
70.72999999999956,-0.26899999025783927,8.464512584995703,-1.090658909158833,7.515530453120448,-0.26899999025783927,6.507700265779306,-2.090658909158833,6.468739530509424
70.81600000000253,-0.25912533717416864,8.464435796634916,-1.0807109414491833,7.515437244576333,-0.25912533717416864,6.507758906626236,-2.0807109414491833,6.468810710931962
70.91400000000067,-0.25450772414137646,8.464404081655687,-1.0760620134739156,7.515397864883141,-0.25450772414137646,6.5077831263546955,-2.0760620134739156,6.468840783960559
71.04200000000128,-0.24390606723352448,8.464345291063182,-1.0653983878902409,7.515321522627005,-0.24390606723352448,6.507828022874094,-2.065398387890241,6.468899084131408
71.15000000000146,-0.23761496403642468,8.464309717077754,-1.0590700280573628,7.51527553115568,-0.23761496403642468,6.507855189603788,-2.059070028057363,6.468934206366043
71.40200000000186,-0.22192525691900755,8.46420118450476,-1.0432733919279826,7.51514095337717,-0.22192525691900755,6.507938072503407,-2.0432733919279826,6.469036979166901
71.50600000000122,-0.21912968578544678,8.46417775541505,-1.0404558745750592,7.515112870267501,-0.21912968578544678,6.507955964559528,-2.040455874575059,6.469058425351307
71.59400000000096,-0.21684677794939944,8.464136959568293,-1.0381397155163086,7.51506820319571,-0.21684677794939944,6.5079871190598055,-2.0381397155163086,6.46909253618378
71.74400000000242,-0.2155179140953578,8.464074947739164,-1.036764418654002,7.515003813110582,-0.2155179140953578,6.508034475536078,-2.036764418654002,6.46914170885907
71.85800000000017,-0.21093147494252662,8.46400535011145,-1.0321199259868763,7.514926478475388,-0.21093147494252662,6.508087625047153,-2.0321199259868763,6.4692007668786005
71.9320000000007,-0.208221668916849,8.463962261228687,-1.029374427650282,7.5148788119400365,-0.208221668916849,6.508120530666645,-2.029374427650282,6.469237168306847
